0,0,0.1,0.1,0.1,0.1,0.1,
1,0,0.1,0.1,0.4,0.1,0.175,
2,0,0.1,0.1,0.7,0.1,0.25,
3,0,0.1,0.1,1,0.1,0.325,
4,1,0.1,0.1,0.1,0.1,0.1,
5,1,0.1,0.1,0.4,0.1,0.175,
6,1,0.1,0.1,0.7,0.1,0.25,
7,1,0.1,0.1,1,0.1,0.325,
8,2,0.1,0.1,0.1,0.1,0.1,
9,2,0.1,0.1,0.4,0.1,0.175,
10,2,0.1,0.1,0.7,0.1,0.25,
11,2,0.1,0.1,1,0.1,0.325,
12,3,0.1,0.1,0.1,0.1,0.1,
13,3,0.1,0.1,0.4,0.1,0.175,
14,3,0.1,0.1,0.7,0.1,0.25,
15,3,0.1,0.1,1,0.1,0.325,
16,4,0.2286,0.1,0.1,0.1,0.1322,
17,4,0.2286,0.1,0.4,0.1,0.2072,
18,4,0.2286,0.1,0.7,0.1,0.2822,
19,4,0.2286,0.1,1,0.1,0.3572,
20,5,0.1,0.1,0.1,0.1,0.1,
21,5,0.1,0.1,0.4,0.1,0.175,
22,5,0.1,0.1,0.7,0.1,0.25,
23,5,0.1,0.1,1,0.1,0.325,
24,6,0.1,0.1,0.1,0.1,0.1,
25,6,0.1,0.1,0.4,0.1,0.175,
26,6,0.1,0.1,0.7,0.1,0.25,
27,6,0.1,0.1,1,0.1,0.325,
28,7,0.1,0.1,0.1,0.1,0.1,
29,7,0.1,0.1,0.4,0.1,0.175,
30,7,0.1,0.1,0.7,0.1,0.25,
31,7,0.1,0.1,1,0.1,0.325,
32,8,0.1,0.1,0.1,0.1,0.1,
33,8,0.1,0.1,0.4,0.1,0.175,
34,8,0.1,0.1,0.7,0.1,0.25,
35,8,0.1,0.1,1,0.1,0.325,
36,9,0.1,0.1,0.1,0.1,0.1,
37,9,0.1,0.1,0.4,0.1,0.175,
38,9,0.1,0.1,0.7,0.1,0.25,
39,9,0.1,0.1,1,0.1,0.325,
40,10,0.1,0.1,0.1,0.1,0.1,
41,10,0.1,0.1,0.4,0.1,0.175,
42,10,0.1,0.1,0.7,0.1,0.25,
43,10,0.1,0.1,1,0.1,0.325,
44,11,0.1,0.1,0.1,0.1,0.1,
45,11,0.1,0.1,0.4,0.1,0.175,
46,11,0.1,0.1,0.7,0.1,0.25,
47,11,0.1,0.1,1,0.1,0.325,
48,12,0.1,0.1,0.1,0.1,0.1,
49,12,0.1,0.1,0.4,0.1,0.175,
50,12,0.1,0.1,0.7,0.1,0.25,
51,12,0.1,0.1,1,0.1,0.325,
52,13,0.1,0.1,0.1,0.1,0.1,
53,13,0.1,0.1,0.4,0.1,0.175,
54,13,0.1,0.1,0.7,0.1,0.25,
55,13,0.1,0.1,1,0.1,0.325,
56,14,0.1,0.1,0.1,0.1,0.1,
57,14,0.1,0.1,0.4,0.1,0.175,
58,14,0.1,0.1,0.7,0.1,0.25,
59,14,0.1,0.1,1,0.1,0.325,
60,15,0.1,0.1,0.1,0.1,0.1,
61,15,0.1,0.1,0.4,0.1,0.175,
62,15,0.1,0.1,0.7,0.1,0.25,
63,15,0.1,0.1,1,0.1,0.325,
64,16,0.1,0.1,0.1,0.1,0.1,
65,16,0.1,0.1,0.4,0.1,0.175,
66,16,0.1,0.1,0.7,0.1,0.25,
67,16,0.1,0.1,1,0.1,0.325,
68,17,0.1,0.1,0.1,0.1,0.1,
69,17,0.1,0.1,0.4,0.1,0.175,
70,17,0.1,0.1,0.7,0.1,0.25,
71,17,0.1,0.1,1,0.1,0.325,
72,18,0.1,0.1,0.1,0.1,0.1,
73,18,0.1,0.1,0.4,0.1,0.175,
74,18,0.1,0.1,0.7,0.1,0.25,
75,18,0.1,0.1,1,0.1,0.325,
76,19,0.1,0.1,0.1,0.1,0.1,
77,19,0.1,0.1,0.4,0.1,0.175,
78,19,0.1,0.1,0.7,0.1,0.25,
79,19,0.1,0.1,1,0.1,0.325,
80,20,0.4857,0.1,0.1,0.1,0.1964,
81,20,0.4857,0.1,0.4,0.1,0.2714,
82,20,0.4857,0.1,0.7,0.1,0.3464,
83,20,0.4857,0.1,1,0.1,0.4214,
84,21,0.4857,0.1,0.1,0.1,0.1964,
85,21,0.4857,0.1,0.4,0.1,0.2714,
86,21,0.4857,0.1,0.7,0.1,0.3464,
87,21,0.4857,0.1,1,0.1,0.4214,
88,22,0.3571,0.1,0.1,0.1,0.1643,
89,22,0.3571,0.1,0.4,0.1,0.2393,
90,22,0.3571,0.1,0.7,0.1,0.3143,
91,22,0.3571,0.1,1,0.1,0.3893,
92,23,0.2286,0.1,0.1,0.1,0.1322,
93,23,0.2286,0.1,0.4,0.1,0.2072,
94,23,0.2286,0.1,0.7,0.1,0.2822,
95,23,0.2286,0.1,1,0.1,0.3572,
96,24,0.2286,0.1,0.1,0.1,0.1322,
97,24,0.2286,0.1,0.4,0.1,0.2072,
98,24,0.2286,0.1,0.7,0.1,0.2822,
99,24,0.2286,0.1,1,0.1,0.3572,
100,25,0.1,0.1,0.1,0.1,0.1,
101,25,0.1,0.1,0.4,0.1,0.175,
102,25,0.1,0.1,0.7,0.1,0.25,
103,25,0.1,0.1,1,0.1,0.325,
104,26,0.1,0.1,0.1,0.1,0.1,
105,26,0.1,0.1,0.4,0.1,0.175,
106,26,0.1,0.1,0.7,0.1,0.25,
107,26,0.1,0.1,1,0.1,0.325,
108,27,0.2286,0.1,0.1,0.1,0.1322,
109,27,0.2286,0.1,0.4,0.1,0.2072,
110,27,0.2286,0.1,0.7,0.1,0.2822,
111,27,0.2286,0.1,1,0.1,0.3572,
112,28,0.2286,0.1,0.1,0.1,0.1322,
113,28,0.2286,0.1,0.4,0.1,0.2072,
114,28,0.2286,0.1,0.7,0.1,0.2822,
115,28,0.2286,0.1,1,0.1,0.3572,
116,29,0.1,0.1,0.1,0.1,0.1,
117,29,0.1,0.1,0.4,0.1,0.175,
118,29,0.1,0.1,0.7,0.1,0.25,
119,29,0.1,0.1,1,0.1,0.325,
120,30,0.1,0.1,0.1,0.1,0.1,
121,30,0.1,0.1,0.4,0.1,0.175,
122,30,0.1,0.1,0.7,0.1,0.25,
123,30,0.1,0.1,1,0.1,0.325,
124,31,0.2286,0.1,0.1,0.1,0.1322,
125,31,0.2286,0.1,0.4,0.1,0.2072,
126,31,0.2286,0.1,0.7,0.1,0.2822,
127,31,0.2286,0.1,1,0.1,0.3572,
128,32,0.1,0.1,0.1,0.1,0.1,
129,32,0.1,0.1,0.4,0.1,0.175,
130,32,0.1,0.1,0.7,0.1,0.25,
131,32,0.1,0.1,1,0.1,0.325,
132,33,0.1,0.1,0.1,0.1,0.1,
133,33,0.1,0.1,0.4,0.1,0.175,
134,33,0.1,0.1,0.7,0.1,0.25,
135,33,0.1,0.1,1,0.1,0.325,
136,34,0.4857,0.25,0.1,0.1,0.2339,
137,34,0.4857,0.25,0.4,0.1,0.3089,
138,34,0.4857,0.25,0.7,0.1,0.3839,
139,34,0.4857,0.25,1,0.1,0.4589,
140,35,0.1,0.1,0.1,0.1,0.1,
141,35,0.1,0.1,0.4,0.1,0.175,
142,35,0.1,0.1,0.7,0.1,0.25,
143,35,0.1,0.1,1,0.1,0.325,
144,36,0.1,0.1,0.1,0.1,0.1,
145,36,0.1,0.1,0.4,0.1,0.175,
146,36,0.1,0.1,0.7,0.1,0.25,
147,36,0.1,0.1,1,0.1,0.325,
148,37,0.3571,0.1,0.1,0.1,0.1643,
149,37,0.3571,0.1,0.4,0.1,0.2393,
150,37,0.3571,0.1,0.7,0.1,0.3143,
151,37,0.3571,0.1,1,0.1,0.3893,
152,38,0.4857,0.1,0.1,0.1,0.1964,
153,38,0.4857,0.1,0.4,0.1,0.2714,
154,38,0.4857,0.1,0.7,0.1,0.3464,
155,38,0.4857,0.1,1,0.1,0.4214,
156,39,0.3571,0.1,0.1,0.1,0.1643,
157,39,0.3571,0.1,0.4,0.1,0.2393,
158,39,0.3571,0.1,0.7,0.1,0.3143,
159,39,0.3571,0.1,1,0.1,0.3893,
160,40,0.2286,0.1,0.1,0.1,0.1322,
161,40,0.2286,0.1,0.4,0.1,0.2072,
162,40,0.2286,0.1,0.7,0.1,0.2822,
163,40,0.2286,0.1,1,0.1,0.3572,
164,41,0.4857,0.1,0.1,0.1,0.1964,
165,41,0.4857,0.1,0.4,0.1,0.2714,
166,41,0.4857,0.1,0.7,0.1,0.3464,
167,41,0.4857,0.1,1,0.1,0.4214,
168,42,0.4857,0.1,0.1,0.1,0.1964,
169,42,0.4857,0.1,0.4,0.1,0.2714,
170,42,0.4857,0.1,0.7,0.1,0.3464,
171,42,0.4857,0.1,1,0.1,0.4214,
172,43,0.3571,0.1,0.1,0.1,0.1643,
173,43,0.3571,0.1,0.4,0.1,0.2393,
174,43,0.3571,0.1,0.7,0.1,0.3143,
175,43,0.3571,0.1,1,0.1,0.3893,
176,44,0.1,0.25,0.1,0.1,0.1375,
177,44,0.1,0.25,0.4,0.1,0.2125,
178,44,0.1,0.25,0.7,0.1,0.2875,
179,44,0.1,0.25,1,0.1,0.3625,
180,45,0.2286,0.55,0.1,0.1,0.2447,
181,45,0.2286,0.55,0.4,0.1,0.3197,
182,45,0.2286,0.55,0.7,0.1,0.3947,
183,45,0.2286,0.55,1,0.1,0.4696,
184,46,0.3571,0.1,0.1,0.1,0.1643,
185,46,0.3571,0.1,0.4,0.1,0.2393,
186,46,0.3571,0.1,0.7,0.1,0.3143,
187,46,0.3571,0.1,1,0.1,0.3893,
188,47,0.3571,0.1,0.1,0.1,0.1643,
189,47,0.3571,0.1,0.4,0.1,0.2393,
190,47,0.3571,0.1,0.7,0.1,0.3143,
191,47,0.3571,0.1,1,0.1,0.3893,
192,48,0.3571,0.1,0.1,0.1,0.1643,
193,48,0.3571,0.1,0.4,0.1,0.2393,
194,48,0.3571,0.1,0.7,0.1,0.3143,
195,48,0.3571,0.1,1,0.1,0.3893,
196,49,0.1,0.1,0.1,0.1,0.1,
197,49,0.1,0.1,0.4,0.1,0.175,
198,49,0.1,0.1,0.7,0.1,0.25,
199,49,0.1,0.1,1,0.1,0.325,
200,50,0.1,0.1,0.1,0.1,0.1,
201,50,0.1,0.1,0.4,0.1,0.175,
202,50,0.1,0.1,0.7,0.1,0.25,
203,50,0.1,0.1,1,0.1,0.325,
204,51,0.1,0.1,0.1,0.1,0.1,
205,51,0.1,0.1,0.4,0.1,0.175,
206,51,0.1,0.1,0.7,0.1,0.25,
207,51,0.1,0.1,1,0.1,0.325,
208,52,0.1,0.1,0.1,0.1,0.1,
209,52,0.1,0.1,0.4,0.1,0.175,
210,52,0.1,0.1,0.7,0.1,0.25,
211,52,0.1,0.1,1,0.1,0.325,
212,53,0.1,0.1,0.1,0.1,0.1,
213,53,0.1,0.1,0.4,0.1,0.175,
214,53,0.1,0.1,0.7,0.1,0.25,
215,53,0.1,0.1,1,0.1,0.325,
216,54,0.1,0.1,0.1,0.1,0.1,
217,54,0.1,0.1,0.4,0.1,0.175,
218,54,0.1,0.1,0.7,0.1,0.25,
219,54,0.1,0.1,1,0.1,0.325,
220,55,0.1,0.25,0.1,0.1,0.1375,
221,55,0.1,0.25,0.4,0.1,0.2125,
222,55,0.1,0.25,0.7,0.1,0.2875,
223,55,0.1,0.25,1,0.1,0.3625,
224,56,0.1,0.1,0.1,0.1,0.1,
225,56,0.1,0.1,0.4,0.1,0.175,
226,56,0.1,0.1,0.7,0.1,0.25,
227,56,0.1,0.1,1,0.1,0.325,
228,57,0.1,0.1,0.1,0.1,0.1,
229,57,0.1,0.1,0.4,0.1,0.175,
230,57,0.1,0.1,0.7,0.1,0.25,
231,57,0.1,0.1,1,0.1,0.325,
232,58,0.1,0.1,0.1,0.1,0.1,
233,58,0.1,0.1,0.4,0.1,0.175,
234,58,0.1,0.1,0.7,0.1,0.25,
235,58,0.1,0.1,1,0.1,0.325,
236,59,0.1,0.1,0.1,0.1,0.1,
237,59,0.1,0.1,0.4,0.1,0.175,
238,59,0.1,0.1,0.7,0.1,0.25,
239,59,0.1,0.1,1,0.1,0.325,
240,60,0.1,0.1,0.1,0.1,0.1,
241,60,0.1,0.1,0.4,0.1,0.175,
242,60,0.1,0.1,0.7,0.1,0.25,
243,60,0.1,0.1,1,0.1,0.325,
244,61,0.1,0.1,0.1,0.1,0.1,
245,61,0.1,0.1,0.4,0.1,0.175,
246,61,0.1,0.1,0.7,0.1,0.25,
247,61,0.1,0.1,1,0.1,0.325,
248,62,0.1,0.1,0.1,0.1,0.1,
249,62,0.1,0.1,0.4,0.1,0.175,
250,62,0.1,0.1,0.7,0.1,0.25,
251,62,0.1,0.1,1,0.1,0.325,
252,63,0.1,0.1,0.1,0.1,0.1,
253,63,0.1,0.1,0.4,0.1,0.175,
254,63,0.1,0.1,0.7,0.1,0.25,
255,63,0.1,0.1,1,0.1,0.325,
256,64,0.1,0.1,0.1,0.1,0.1,
257,64,0.1,0.1,0.4,0.1,0.175,
258,64,0.1,0.1,0.7,0.1,0.25,
259,64,0.1,0.1,1,0.1,0.325,
260,65,0.1,0.1,0.1,0.1,0.1,
261,65,0.1,0.1,0.4,0.1,0.175,
262,65,0.1,0.1,0.7,0.1,0.25,
263,65,0.1,0.1,1,0.1,0.325,
264,66,0.1,0.1,0.1,0.1,0.1,
265,66,0.1,0.1,0.4,0.1,0.175,
266,66,0.1,0.1,0.7,0.1,0.25,
267,66,0.1,0.1,1,0.1,0.325,
268,67,0.1,0.1,0.1,0.1,0.1,
269,67,0.1,0.1,0.4,0.1,0.175,
270,67,0.1,0.1,0.7,0.1,0.25,
271,67,0.1,0.1,1,0.1,0.325,
272,68,0.1,0.1,0.1,0.1,0.1,
273,68,0.1,0.1,0.4,0.1,0.175,
274,68,0.1,0.1,0.7,0.1,0.25,
275,68,0.1,0.1,1,0.1,0.325,
276,69,0.4857,0.1,0.1,0.1,0.1964,
277,69,0.4857,0.1,0.4,0.1,0.2714,
278,69,0.4857,0.1,0.7,0.1,0.3464,
279,69,0.4857,0.1,1,0.1,0.4214,
280,70,0.3571,0.1,0.1,0.1,0.1643,
281,70,0.3571,0.1,0.4,0.1,0.2393,
282,70,0.3571,0.1,0.7,0.1,0.3143,
283,70,0.3571,0.1,1,0.1,0.3893,
284,71,0.2286,0.1,0.1,0.1,0.1322,
285,71,0.2286,0.1,0.4,0.1,0.2072,
286,71,0.2286,0.1,0.7,0.1,0.2822,
287,71,0.2286,0.1,1,0.1,0.3572,
288,72,0.1,0.1,0.1,0.1,0.1,
289,72,0.1,0.1,0.4,0.1,0.175,
290,72,0.1,0.1,0.7,0.1,0.25,
291,72,0.1,0.1,1,0.1,0.325,
292,73,0.4857,0.1,0.1,0.1,0.1964,
293,73,0.4857,0.1,0.4,0.1,0.2714,
294,73,0.4857,0.1,0.7,0.1,0.3464,
295,73,0.4857,0.1,1,0.1,0.4214,
296,74,0.3571,0.1,0.1,0.1,0.1643,
297,74,0.3571,0.1,0.4,0.1,0.2393,
298,74,0.3571,0.1,0.7,0.1,0.3143,
299,74,0.3571,0.1,1,0.1,0.3893,
300,75,0.1,0.1,0.1,0.1,0.1,
301,75,0.1,0.1,0.4,0.1,0.175,
302,75,0.1,0.1,0.7,0.1,0.25,
303,75,0.1,0.1,1,0.1,0.325,
304,76,0.1,0.25,0.1,0.1,0.1375,
305,76,0.1,0.25,0.4,0.1,0.2125,
306,76,0.1,0.25,0.7,0.1,0.2875,
307,76,0.1,0.25,1,0.1,0.3625,
308,77,0.3571,0.1,0.1,0.1,0.1643,
309,77,0.3571,0.1,0.4,0.1,0.2393,
310,77,0.3571,0.1,0.7,0.1,0.3143,
311,77,0.3571,0.1,1,0.1,0.3893,
312,78,0.4857,0.1,0.1,0.1,0.1964,
313,78,0.4857,0.1,0.4,0.1,0.2714,
314,78,0.4857,0.1,0.7,0.1,0.3464,
315,78,0.4857,0.1,1,0.1,0.4214,
316,79,0.2286,0.4,0.1,0.1,0.2072,
317,79,0.2286,0.4,0.4,0.1,0.2822,
318,79,0.2286,0.4,0.7,0.1,0.3572,
319,79,0.2286,0.4,1,0.1,0.4322,
320,80,0.4857,0.1,0.1,0.1,0.1964,
321,80,0.4857,0.1,0.4,0.1,0.2714,
322,80,0.4857,0.1,0.7,0.1,0.3464,
323,80,0.4857,0.1,1,0.1,0.4214,
324,81,0.3571,0.1,0.1,0.1,0.1643,
325,81,0.3571,0.1,0.4,0.1,0.2393,
326,81,0.3571,0.1,0.7,0.1,0.3143,
327,81,0.3571,0.1,1,0.1,0.3893,
328,82,0.1,0.1,0.1,0.1,0.1,
329,82,0.1,0.1,0.4,0.1,0.175,
330,82,0.1,0.1,0.7,0.1,0.25,
331,82,0.1,0.1,1,0.1,0.325,
332,83,0.1,0.1,0.1,0.1,0.1,
333,83,0.1,0.1,0.4,0.1,0.175,
334,83,0.1,0.1,0.7,0.1,0.25,
335,83,0.1,0.1,1,0.1,0.325,
336,84,0.1,0.1,0.1,0.1,0.1,
337,84,0.1,0.1,0.4,0.1,0.175,
338,84,0.1,0.1,0.7,0.1,0.25,
339,84,0.1,0.1,1,0.1,0.325,
340,85,0.1,0.1,0.1,0.1,0.1,
341,85,0.1,0.1,0.4,0.1,0.175,
342,85,0.1,0.1,0.7,0.1,0.25,
343,85,0.1,0.1,1,0.1,0.325,
344,86,0.1,0.1,0.1,0.1,0.1,
345,86,0.1,0.1,0.4,0.1,0.175,
346,86,0.1,0.1,0.7,0.1,0.25,
347,86,0.1,0.1,1,0.1,0.325,
348,87,0.1,0.1,0.1,0.1,0.1,
349,87,0.1,0.1,0.4,0.1,0.175,
350,87,0.1,0.1,0.7,0.1,0.25,
351,87,0.1,0.1,1,0.1,0.325,
352,88,0.1,0.1,0.1,0.1,0.1,
353,88,0.1,0.1,0.4,0.1,0.175,
354,88,0.1,0.1,0.7,0.1,0.25,
355,88,0.1,0.1,1,0.1,0.325,
356,89,0.1,0.1,0.1,0.1,0.1,
357,89,0.1,0.1,0.4,0.1,0.175,
358,89,0.1,0.1,0.7,0.1,0.25,
359,89,0.1,0.1,1,0.1,0.325,
360,90,0.1,0.1,0.1,0.1,0.1,
361,90,0.1,0.1,0.4,0.1,0.175,
362,90,0.1,0.1,0.7,0.1,0.25,
363,90,0.1,0.1,1,0.1,0.325,
364,91,0.1,0.1,0.1,0.1,0.1,
365,91,0.1,0.1,0.4,0.1,0.175,
366,91,0.1,0.1,0.7,0.1,0.25,
367,91,0.1,0.1,1,0.1,0.325,
368,92,0.1,0.1,0.1,0.1,0.1,
369,92,0.1,0.1,0.4,0.1,0.175,
370,92,0.1,0.1,0.7,0.1,0.25,
371,92,0.1,0.1,1,0.1,0.325,
372,93,0.1,0.1,0.1,0.1,0.1,
373,93,0.1,0.1,0.4,0.1,0.175,
374,93,0.1,0.1,0.7,0.1,0.25,
375,93,0.1,0.1,1,0.1,0.325,
376,94,0.2286,0.1,0.1,0.1,0.1322,
377,94,0.2286,0.1,0.4,0.1,0.2072,
378,94,0.2286,0.1,0.7,0.1,0.2822,
379,94,0.2286,0.1,1,0.1,0.3572,
380,95,0.4857,0.1,0.1,0.1,0.1964,
381,95,0.4857,0.1,0.4,0.1,0.2714,
382,95,0.4857,0.1,0.7,0.1,0.3464,
383,95,0.4857,0.1,1,0.1,0.4214,
384,96,0.1,0.1,0.1,0.1,0.1,
385,96,0.1,0.1,0.4,0.1,0.175,
386,96,0.1,0.1,0.7,0.1,0.25,
387,96,0.1,0.1,1,0.1,0.325,
388,97,0.4857,0.1,0.1,0.1,0.1964,
389,97,0.4857,0.1,0.4,0.1,0.2714,
390,97,0.4857,0.1,0.7,0.1,0.3464,
391,97,0.4857,0.1,1,0.1,0.4214,
392,98,0.3571,0.1,0.1,0.1,0.1643,
393,98,0.3571,0.1,0.4,0.1,0.2393,
394,98,0.3571,0.1,0.7,0.1,0.3143,
395,98,0.3571,0.1,1,0.1,0.3893,
396,99,0.2286,0.1,0.1,0.1,0.1322,
397,99,0.2286,0.1,0.4,0.1,0.2072,
398,99,0.2286,0.1,0.7,0.1,0.2822,
399,99,0.2286,0.1,1,0.1,0.3572,
400,100,0.2286,0.1,0.1,0.1,0.1322,
401,100,0.2286,0.1,0.4,0.1,0.2072,
402,100,0.2286,0.1,0.7,0.1,0.2822,
403,100,0.2286,0.1,1,0.1,0.3572,
404,101,0.3571,0.1,0.1,0.1,0.1643,
405,101,0.3571,0.1,0.4,0.1,0.2393,
406,101,0.3571,0.1,0.7,0.1,0.3143,
407,101,0.3571,0.1,1,0.1,0.3893,
408,102,0.3571,0.1,0.1,0.1,0.1643,
409,102,0.3571,0.1,0.4,0.1,0.2393,
410,102,0.3571,0.1,0.7,0.1,0.3143,
411,102,0.3571,0.1,1,0.1,0.3893,
412,103,0.4857,0.1,0.1,0.1,0.1964,
413,103,0.4857,0.1,0.4,0.1,0.2714,
414,103,0.4857,0.1,0.7,0.1,0.3464,
415,103,0.4857,0.1,1,0.1,0.4214,
416,104,0.2286,0.1,0.1,0.1,0.1322,
417,104,0.2286,0.1,0.4,0.1,0.2072,
418,104,0.2286,0.1,0.7,0.1,0.2822,
419,104,0.2286,0.1,1,0.1,0.3572,
420,105,0.6143,0.1,0.1,0.1,0.2286,
421,105,0.6143,0.1,0.4,0.1,0.3036,
422,105,0.6143,0.1,0.7,0.1,0.3786,
423,105,0.6143,0.1,1,0.1,0.4536,
424,106,0.1,0.1,0.1,0.1,0.1,
425,106,0.1,0.1,0.4,0.1,0.175,
426,106,0.1,0.1,0.7,0.1,0.25,
427,106,0.1,0.1,1,0.1,0.325,
428,107,0.1,0.1,0.1,0.1,0.1,
429,107,0.1,0.1,0.4,0.1,0.175,
430,107,0.1,0.1,0.7,0.1,0.25,
431,107,0.1,0.1,1,0.1,0.325,
432,108,0.1,0.1,0.1,0.1,0.1,
433,108,0.1,0.1,0.4,0.1,0.175,
434,108,0.1,0.1,0.7,0.1,0.25,
435,108,0.1,0.1,1,0.1,0.325,
436,109,0.1,0.1,0.1,0.1,0.1,
437,109,0.1,0.1,0.4,0.1,0.175,
438,109,0.1,0.1,0.7,0.1,0.25,
439,109,0.1,0.1,1,0.1,0.325,
440,110,0.1,0.1,0.1,0.1,0.1,
441,110,0.1,0.1,0.4,0.1,0.175,
442,110,0.1,0.1,0.7,0.1,0.25,
443,110,0.1,0.1,1,0.1,0.325,
444,111,0.2286,0.1,0.1,0.1,0.1322,
445,111,0.2286,0.1,0.4,0.1,0.2072,
446,111,0.2286,0.1,0.7,0.1,0.2822,
447,111,0.2286,0.1,1,0.1,0.3572,
448,112,0.2286,0.1,0.1,0.1,0.1322,
449,112,0.2286,0.1,0.4,0.1,0.2072,
450,112,0.2286,0.1,0.7,0.1,0.2822,
451,112,0.2286,0.1,1,0.1,0.3572,
452,113,0.4857,0.1,0.1,0.1,0.1964,
453,113,0.4857,0.1,0.4,0.1,0.2714,
454,113,0.4857,0.1,0.7,0.1,0.3464,
455,113,0.4857,0.1,1,0.1,0.4214,
456,114,0.3571,0.1,0.1,0.1,0.1643,
457,114,0.3571,0.1,0.4,0.1,0.2393,
458,114,0.3571,0.1,0.7,0.1,0.3143,
459,114,0.3571,0.1,1,0.1,0.3893,
460,115,0.1,0.25,0.1,0.1,0.1375,
461,115,0.1,0.25,0.4,0.1,0.2125,
462,115,0.1,0.25,0.7,0.1,0.2875,
463,115,0.1,0.25,1,0.1,0.3625,
464,116,0.1,0.25,0.1,0.1,0.1375,
465,116,0.1,0.25,0.4,0.1,0.2125,
466,116,0.1,0.25,0.7,0.1,0.2875,
467,116,0.1,0.25,1,0.1,0.3625,
468,117,0.1,0.1,0.1,0.1,0.1,
469,117,0.1,0.1,0.4,0.1,0.175,
470,117,0.1,0.1,0.7,0.1,0.25,
471,117,0.1,0.1,1,0.1,0.325,
472,118,0.1,0.1,0.1,0.1,0.1,
473,118,0.1,0.1,0.4,0.1,0.175,
474,118,0.1,0.1,0.7,0.1,0.25,
475,118,0.1,0.1,1,0.1,0.325,
476,119,0.1,0.1,0.1,0.1,0.1,
477,119,0.1,0.1,0.4,0.1,0.175,
478,119,0.1,0.1,0.7,0.1,0.25,
479,119,0.1,0.1,1,0.1,0.325,
480,120,0.3571,0.1,0.1,0.1,0.1643,
481,120,0.3571,0.1,0.4,0.1,0.2393,
482,120,0.3571,0.1,0.7,0.1,0.3143,
483,120,0.3571,0.1,1,0.1,0.3893,
484,121,0.2286,0.1,0.1,0.1,0.1322,
485,121,0.2286,0.1,0.4,0.1,0.2072,
486,121,0.2286,0.1,0.7,0.1,0.2822,
487,121,0.2286,0.1,1,0.1,0.3572,
488,122,0.6143,0.1,0.1,0.1,0.2286,
489,122,0.6143,0.1,0.4,0.1,0.3036,
490,122,0.6143,0.1,0.7,0.1,0.3786,
491,122,0.6143,0.1,1,0.1,0.4536,
492,123,0.6143,0.1,0.1,0.1,0.2286,
493,123,0.6143,0.1,0.4,0.1,0.3036,
494,123,0.6143,0.1,0.7,0.1,0.3786,
495,123,0.6143,0.1,1,0.1,0.4536,
496,124,0.1,0.1,0.1,0.1,0.1,
497,124,0.1,0.1,0.4,0.1,0.175,
498,124,0.1,0.1,0.7,0.1,0.25,
499,124,0.1,0.1,1,0.1,0.325,
500,125,0.1,0.1,0.1,0.1,0.1,
501,125,0.1,0.1,0.4,0.1,0.175,
502,125,0.1,0.1,0.7,0.1,0.25,
503,125,0.1,0.1,1,0.1,0.325,
504,126,0.1,0.1,0.1,0.1,0.1,
505,126,0.1,0.1,0.4,0.1,0.175,
506,126,0.1,0.1,0.7,0.1,0.25,
507,126,0.1,0.1,1,0.1,0.325,
508,127,0.1,0.1,0.1,0.1,0.1,
509,127,0.1,0.1,0.4,0.1,0.175,
510,127,0.1,0.1,0.7,0.1,0.25,
511,127,0.1,0.1,1,0.1,0.325,
512,128,0.2286,0.1,0.1,0.1,0.1322,
513,128,0.2286,0.1,0.4,0.1,0.2072,
514,128,0.2286,0.1,0.7,0.1,0.2822,
515,128,0.2286,0.1,1,0.1,0.3572,
516,129,0.1,0.1,0.1,0.1,0.1,
517,129,0.1,0.1,0.4,0.1,0.175,
518,129,0.1,0.1,0.7,0.1,0.25,
519,129,0.1,0.1,1,0.1,0.325,
520,130,0.1,0.1,0.1,0.1,0.1,
521,130,0.1,0.1,0.4,0.1,0.175,
522,130,0.1,0.1,0.7,0.1,0.25,
523,130,0.1,0.1,1,0.1,0.325,
524,131,0.1,0.1,0.1,0.1,0.1,
525,131,0.1,0.1,0.4,0.1,0.175,
526,131,0.1,0.1,0.7,0.1,0.25,
527,131,0.1,0.1,1,0.1,0.325,
528,132,0.1,0.1,0.1,0.1,0.1,
529,132,0.1,0.1,0.4,0.1,0.175,
530,132,0.1,0.1,0.7,0.1,0.25,
531,132,0.1,0.1,1,0.1,0.325,
532,133,0.1,0.1,0.1,0.1,0.1,
533,133,0.1,0.1,0.4,0.1,0.175,
534,133,0.1,0.1,0.7,0.1,0.25,
535,133,0.1,0.1,1,0.1,0.325,
536,134,0.1,0.1,0.1,0.1,0.1,
537,134,0.1,0.1,0.4,0.1,0.175,
538,134,0.1,0.1,0.7,0.1,0.25,
539,134,0.1,0.1,1,0.1,0.325,
540,135,0.1,0.1,0.1,0.1,0.1,
541,135,0.1,0.1,0.4,0.1,0.175,
542,135,0.1,0.1,0.7,0.1,0.25,
543,135,0.1,0.1,1,0.1,0.325,
544,136,0.1,0.1,0.1,0.1,0.1,
545,136,0.1,0.1,0.4,0.1,0.175,
546,136,0.1,0.1,0.7,0.1,0.25,
547,136,0.1,0.1,1,0.1,0.325,
548,137,0.1,0.1,0.1,0.1,0.1,
549,137,0.1,0.1,0.4,0.1,0.175,
550,137,0.1,0.1,0.7,0.1,0.25,
551,137,0.1,0.1,1,0.1,0.325,
552,138,0.1,0.1,0.1,0.1,0.1,
553,138,0.1,0.1,0.4,0.1,0.175,
554,138,0.1,0.1,0.7,0.1,0.25,
555,138,0.1,0.1,1,0.1,0.325,
556,139,0.1,0.1,0.1,0.1,0.1,
557,139,0.1,0.1,0.4,0.1,0.175,
558,139,0.1,0.1,0.7,0.1,0.25,
559,139,0.1,0.1,1,0.1,0.325,
560,140,0.1,0.1,0.1,0.1,0.1,
561,140,0.1,0.1,0.4,0.1,0.175,
562,140,0.1,0.1,0.7,0.1,0.25,
563,140,0.1,0.1,1,0.1,0.325,
564,141,0.1,0.1,0.1,0.1,0.1,
565,141,0.1,0.1,0.4,0.1,0.175,
566,141,0.1,0.1,0.7,0.1,0.25,
567,141,0.1,0.1,1,0.1,0.325,
568,142,0.1,0.1,0.1,0.1,0.1,
569,142,0.1,0.1,0.4,0.1,0.175,
570,142,0.1,0.1,0.7,0.1,0.25,
571,142,0.1,0.1,1,0.1,0.325,
572,143,0.1,0.1,0.1,0.1,0.1,
573,143,0.1,0.1,0.4,0.1,0.175,
574,143,0.1,0.1,0.7,0.1,0.25,
575,143,0.1,0.1,1,0.1,0.325,
576,144,0.4857,0.1,0.1,0.1,0.1964,
577,144,0.4857,0.1,0.4,0.1,0.2714,
578,144,0.4857,0.1,0.7,0.1,0.3464,
579,144,0.4857,0.1,1,0.1,0.4214,
580,145,0.4857,0.1,0.1,0.1,0.1964,
581,145,0.4857,0.1,0.4,0.1,0.2714,
582,145,0.4857,0.1,0.7,0.1,0.3464,
583,145,0.4857,0.1,1,0.1,0.4214,
584,146,0.3571,0.1,0.1,0.1,0.1643,
585,146,0.3571,0.1,0.4,0.1,0.2393,
586,146,0.3571,0.1,0.7,0.1,0.3143,
587,146,0.3571,0.1,1,0.1,0.3893,
588,147,0.2286,0.1,0.1,0.1,0.1322,
589,147,0.2286,0.1,0.4,0.1,0.2072,
590,147,0.2286,0.1,0.7,0.1,0.2822,
591,147,0.2286,0.1,1,0.1,0.3572,
592,148,0.2286,0.1,0.1,0.1,0.1322,
593,148,0.2286,0.1,0.4,0.1,0.2072,
594,148,0.2286,0.1,0.7,0.1,0.2822,
595,148,0.2286,0.1,1,0.1,0.3572,
596,149,0.1,0.1,0.1,0.1,0.1,
597,149,0.1,0.1,0.4,0.1,0.175,
598,149,0.1,0.1,0.7,0.1,0.25,
599,149,0.1,0.1,1,0.1,0.325,
600,150,0.1,0.1,0.1,0.1,0.1,
601,150,0.1,0.1,0.4,0.1,0.175,
602,150,0.1,0.1,0.7,0.1,0.25,
603,150,0.1,0.1,1,0.1,0.325,
604,151,0.2286,0.1,0.1,0.1,0.1322,
605,151,0.2286,0.1,0.4,0.1,0.2072,
606,151,0.2286,0.1,0.7,0.1,0.2822,
607,151,0.2286,0.1,1,0.1,0.3572,
608,152,0.2286,0.1,0.1,0.1,0.1322,
609,152,0.2286,0.1,0.4,0.1,0.2072,
610,152,0.2286,0.1,0.7,0.1,0.2822,
611,152,0.2286,0.1,1,0.1,0.3572,
612,153,0.1,0.1,0.1,0.1,0.1,
613,153,0.1,0.1,0.4,0.1,0.175,
614,153,0.1,0.1,0.7,0.1,0.25,
615,153,0.1,0.1,1,0.1,0.325,
616,154,0.1,0.1,0.1,0.1,0.1,
617,154,0.1,0.1,0.4,0.1,0.175,
618,154,0.1,0.1,0.7,0.1,0.25,
619,154,0.1,0.1,1,0.1,0.325,
620,155,0.2286,0.1,0.1,0.1,0.1322,
621,155,0.2286,0.1,0.4,0.1,0.2072,
622,155,0.2286,0.1,0.7,0.1,0.2822,
623,155,0.2286,0.1,1,0.1,0.3572,
624,156,0.1,0.1,0.1,0.1,0.1,
625,156,0.1,0.1,0.4,0.1,0.175,
626,156,0.1,0.1,0.7,0.1,0.25,
627,156,0.1,0.1,1,0.1,0.325,
628,157,0.1,0.1,0.1,0.1,0.1,
629,157,0.1,0.1,0.4,0.1,0.175,
630,157,0.1,0.1,0.7,0.1,0.25,
631,157,0.1,0.1,1,0.1,0.325,
632,158,0.4857,0.25,0.1,0.1,0.2339,
633,158,0.4857,0.25,0.4,0.1,0.3089,
634,158,0.4857,0.25,0.7,0.1,0.3839,
635,158,0.4857,0.25,1,0.1,0.4589,
636,159,0.1,0.1,0.1,0.1,0.1,
637,159,0.1,0.1,0.4,0.1,0.175,
638,159,0.1,0.1,0.7,0.1,0.25,
639,159,0.1,0.1,1,0.1,0.325,
640,160,0.1,0.1,0.1,0.1,0.1,
641,160,0.1,0.1,0.4,0.1,0.175,
642,160,0.1,0.1,0.7,0.1,0.25,
643,160,0.1,0.1,1,0.1,0.325,
644,161,0.3571,0.1,0.1,0.1,0.1643,
645,161,0.3571,0.1,0.4,0.1,0.2393,
646,161,0.3571,0.1,0.7,0.1,0.3143,
647,161,0.3571,0.1,1,0.1,0.3893,
648,162,0.4857,0.1,0.1,0.1,0.1964,
649,162,0.4857,0.1,0.4,0.1,0.2714,
650,162,0.4857,0.1,0.7,0.1,0.3464,
651,162,0.4857,0.1,1,0.1,0.4214,
652,163,0.3571,0.1,0.1,0.1,0.1643,
653,163,0.3571,0.1,0.4,0.1,0.2393,
654,163,0.3571,0.1,0.7,0.1,0.3143,
655,163,0.3571,0.1,1,0.1,0.3893,
656,164,0.2286,0.1,0.1,0.1,0.1322,
657,164,0.2286,0.1,0.4,0.1,0.2072,
658,164,0.2286,0.1,0.7,0.1,0.2822,
659,164,0.2286,0.1,1,0.1,0.3572,
660,165,0.4857,0.1,0.1,0.1,0.1964,
661,165,0.4857,0.1,0.4,0.1,0.2714,
662,165,0.4857,0.1,0.7,0.1,0.3464,
663,165,0.4857,0.1,1,0.1,0.4214,
664,166,0.4857,0.1,0.1,0.1,0.1964,
665,166,0.4857,0.1,0.4,0.1,0.2714,
666,166,0.4857,0.1,0.7,0.1,0.3464,
667,166,0.4857,0.1,1,0.1,0.4214,
668,167,0.3571,0.1,0.1,0.1,0.1643,
669,167,0.3571,0.1,0.4,0.1,0.2393,
670,167,0.3571,0.1,0.7,0.1,0.3143,
671,167,0.3571,0.1,1,0.1,0.3893,
672,168,0.1,0.25,0.1,0.1,0.1375,
673,168,0.1,0.25,0.4,0.1,0.2125,
674,168,0.1,0.25,0.7,0.1,0.2875,
675,168,0.1,0.25,1,0.1,0.3625,
676,169,0.2286,0.55,0.1,0.1,0.2447,
677,169,0.2286,0.55,0.4,0.1,0.3197,
678,169,0.2286,0.55,0.7,0.1,0.3947,
679,169,0.2286,0.55,1,0.1,0.4696,
680,170,0.3571,0.1,0.1,0.1,0.1643,
681,170,0.3571,0.1,0.4,0.1,0.2393,
682,170,0.3571,0.1,0.7,0.1,0.3143,
683,170,0.3571,0.1,1,0.1,0.3893,
684,171,0.3571,0.1,0.1,0.1,0.1643,
685,171,0.3571,0.1,0.4,0.1,0.2393,
686,171,0.3571,0.1,0.7,0.1,0.3143,
687,171,0.3571,0.1,1,0.1,0.3893,
688,172,0.3571,0.1,0.1,0.1,0.1643,
689,172,0.3571,0.1,0.4,0.1,0.2393,
690,172,0.3571,0.1,0.7,0.1,0.3143,
691,172,0.3571,0.1,1,0.1,0.3893,
692,173,0.1,0.1,0.1,0.1,0.1,
693,173,0.1,0.1,0.4,0.1,0.175,
694,173,0.1,0.1,0.7,0.1,0.25,
695,173,0.1,0.1,1,0.1,0.325,
696,174,0.1,0.1,0.1,0.1,0.1,
697,174,0.1,0.1,0.4,0.1,0.175,
698,174,0.1,0.1,0.7,0.1,0.25,
699,174,0.1,0.1,1,0.1,0.325,
700,175,0.1,0.1,0.1,0.1,0.1,
701,175,0.1,0.1,0.4,0.1,0.175,
702,175,0.1,0.1,0.7,0.1,0.25,
703,175,0.1,0.1,1,0.1,0.325,
704,176,0.1,0.1,0.1,0.1,0.1,
705,176,0.1,0.1,0.4,0.1,0.175,
706,176,0.1,0.1,0.7,0.1,0.25,
707,176,0.1,0.1,1,0.1,0.325,
708,177,0.1,0.1,0.1,0.1,0.1,
709,177,0.1,0.1,0.4,0.1,0.175,
710,177,0.1,0.1,0.7,0.1,0.25,
711,177,0.1,0.1,1,0.1,0.325,
712,178,0.1,0.1,0.1,0.1,0.1,
713,178,0.1,0.1,0.4,0.1,0.175,
714,178,0.1,0.1,0.7,0.1,0.25,
715,178,0.1,0.1,1,0.1,0.325,
716,179,0.1,0.25,0.1,0.1,0.1375,
717,179,0.1,0.25,0.4,0.1,0.2125,
718,179,0.1,0.25,0.7,0.1,0.2875,
719,179,0.1,0.25,1,0.1,0.3625,
720,180,0.1,0.1,0.1,0.1,0.1,
721,180,0.1,0.1,0.4,0.1,0.175,
722,180,0.1,0.1,0.7,0.1,0.25,
723,180,0.1,0.1,1,0.1,0.325,
724,181,0.1,0.1,0.1,0.1,0.1,
725,181,0.1,0.1,0.4,0.1,0.175,
726,181,0.1,0.1,0.7,0.1,0.25,
727,181,0.1,0.1,1,0.1,0.325,
728,182,0.1,0.1,0.1,0.1,0.1,
729,182,0.1,0.1,0.4,0.1,0.175,
730,182,0.1,0.1,0.7,0.1,0.25,
731,182,0.1,0.1,1,0.1,0.325,
732,183,0.1,0.1,0.1,0.1,0.1,
733,183,0.1,0.1,0.4,0.1,0.175,
734,183,0.1,0.1,0.7,0.1,0.25,
735,183,0.1,0.1,1,0.1,0.325,
736,184,0.1,0.1,0.1,0.1,0.1,
737,184,0.1,0.1,0.4,0.1,0.175,
738,184,0.1,0.1,0.7,0.1,0.25,
739,184,0.1,0.1,1,0.1,0.325,
740,185,0.1,0.1,0.1,0.1,0.1,
741,185,0.1,0.1,0.4,0.1,0.175,
742,185,0.1,0.1,0.7,0.1,0.25,
743,185,0.1,0.1,1,0.1,0.325,
744,186,0.1,0.1,0.1,0.1,0.1,
745,186,0.1,0.1,0.4,0.1,0.175,
746,186,0.1,0.1,0.7,0.1,0.25,
747,186,0.1,0.1,1,0.1,0.325,
748,187,0.1,0.1,0.1,0.1,0.1,
749,187,0.1,0.1,0.4,0.1,0.175,
750,187,0.1,0.1,0.7,0.1,0.25,
751,187,0.1,0.1,1,0.1,0.325,
752,188,0.1,0.1,0.1,0.1,0.1,
753,188,0.1,0.1,0.4,0.1,0.175,
754,188,0.1,0.1,0.7,0.1,0.25,
755,188,0.1,0.1,1,0.1,0.325,
756,189,0.1,0.1,0.1,0.1,0.1,
757,189,0.1,0.1,0.4,0.1,0.175,
758,189,0.1,0.1,0.7,0.1,0.25,
759,189,0.1,0.1,1,0.1,0.325,
760,190,0.1,0.1,0.1,0.1,0.1,
761,190,0.1,0.1,0.4,0.1,0.175,
762,190,0.1,0.1,0.7,0.1,0.25,
763,190,0.1,0.1,1,0.1,0.325,
764,191,0.1,0.1,0.1,0.1,0.1,
765,191,0.1,0.1,0.4,0.1,0.175,
766,191,0.1,0.1,0.7,0.1,0.25,
767,191,0.1,0.1,1,0.1,0.325,
768,192,0.1,0.1,0.1,0.1,0.1,
769,192,0.1,0.1,0.4,0.1,0.175,
770,192,0.1,0.1,0.7,0.1,0.25,
771,192,0.1,0.1,1,0.1,0.325,
772,193,0.4857,0.1,0.1,0.1,0.1964,
773,193,0.4857,0.1,0.4,0.1,0.2714,
774,193,0.4857,0.1,0.7,0.1,0.3464,
775,193,0.4857,0.1,1,0.1,0.4214,
776,194,0.3571,0.1,0.1,0.1,0.1643,
777,194,0.3571,0.1,0.4,0.1,0.2393,
778,194,0.3571,0.1,0.7,0.1,0.3143,
779,194,0.3571,0.1,1,0.1,0.3893,
780,195,0.2286,0.1,0.1,0.1,0.1322,
781,195,0.2286,0.1,0.4,0.1,0.2072,
782,195,0.2286,0.1,0.7,0.1,0.2822,
783,195,0.2286,0.1,1,0.1,0.3572,
784,196,0.1,0.1,0.1,0.1,0.1,
785,196,0.1,0.1,0.4,0.1,0.175,
786,196,0.1,0.1,0.7,0.1,0.25,
787,196,0.1,0.1,1,0.1,0.325,
788,197,0.4857,0.1,0.1,0.1,0.1964,
789,197,0.4857,0.1,0.4,0.1,0.2714,
790,197,0.4857,0.1,0.7,0.1,0.3464,
791,197,0.4857,0.1,1,0.1,0.4214,
792,198,0.3571,0.1,0.1,0.1,0.1643,
793,198,0.3571,0.1,0.4,0.1,0.2393,
794,198,0.3571,0.1,0.7,0.1,0.3143,
795,198,0.3571,0.1,1,0.1,0.3893,
796,199,0.1,0.1,0.1,0.1,0.1,
797,199,0.1,0.1,0.4,0.1,0.175,
798,199,0.1,0.1,0.7,0.1,0.25,
799,199,0.1,0.1,1,0.1,0.325,
800,200,0.1,0.25,0.1,0.1,0.1375,
801,200,0.1,0.25,0.4,0.1,0.2125,
802,200,0.1,0.25,0.7,0.1,0.2875,
803,200,0.1,0.25,1,0.1,0.3625,
804,201,0.3571,0.1,0.1,0.1,0.1643,
805,201,0.3571,0.1,0.4,0.1,0.2393,
806,201,0.3571,0.1,0.7,0.1,0.3143,
807,201,0.3571,0.1,1,0.1,0.3893,
808,202,0.4857,0.1,0.1,0.1,0.1964,
809,202,0.4857,0.1,0.4,0.1,0.2714,
810,202,0.4857,0.1,0.7,0.1,0.3464,
811,202,0.4857,0.1,1,0.1,0.4214,
812,203,0.2286,0.4,0.1,0.1,0.2072,
813,203,0.2286,0.4,0.4,0.1,0.2822,
814,203,0.2286,0.4,0.7,0.1,0.3572,
815,203,0.2286,0.4,1,0.1,0.4322,
816,204,0.4857,0.1,0.1,0.1,0.1964,
817,204,0.4857,0.1,0.4,0.1,0.2714,
818,204,0.4857,0.1,0.7,0.1,0.3464,
819,204,0.4857,0.1,1,0.1,0.4214,
820,205,0.3571,0.1,0.1,0.1,0.1643,
821,205,0.3571,0.1,0.4,0.1,0.2393,
822,205,0.3571,0.1,0.7,0.1,0.3143,
823,205,0.3571,0.1,1,0.1,0.3893,
824,206,0.1,0.1,0.1,0.1,0.1,
825,206,0.1,0.1,0.4,0.1,0.175,
826,206,0.1,0.1,0.7,0.1,0.25,
827,206,0.1,0.1,1,0.1,0.325,
828,207,0.1,0.1,0.1,0.1,0.1,
829,207,0.1,0.1,0.4,0.1,0.175,
830,207,0.1,0.1,0.7,0.1,0.25,
831,207,0.1,0.1,1,0.1,0.325,
832,208,0.1,0.1,0.1,0.1,0.1,
833,208,0.1,0.1,0.4,0.1,0.175,
834,208,0.1,0.1,0.7,0.1,0.25,
835,208,0.1,0.1,1,0.1,0.325,
836,209,0.1,0.1,0.1,0.1,0.1,
837,209,0.1,0.1,0.4,0.1,0.175,
838,209,0.1,0.1,0.7,0.1,0.25,
839,209,0.1,0.1,1,0.1,0.325,
840,210,0.1,0.1,0.1,0.1,0.1,
841,210,0.1,0.1,0.4,0.1,0.175,
842,210,0.1,0.1,0.7,0.1,0.25,
843,210,0.1,0.1,1,0.1,0.325,
844,211,0.1,0.1,0.1,0.1,0.1,
845,211,0.1,0.1,0.4,0.1,0.175,
846,211,0.1,0.1,0.7,0.1,0.25,
847,211,0.1,0.1,1,0.1,0.325,
848,212,0.1,0.1,0.1,0.1,0.1,
849,212,0.1,0.1,0.4,0.1,0.175,
850,212,0.1,0.1,0.7,0.1,0.25,
851,212,0.1,0.1,1,0.1,0.325,
852,213,0.1,0.1,0.1,0.1,0.1,
853,213,0.1,0.1,0.4,0.1,0.175,
854,213,0.1,0.1,0.7,0.1,0.25,
855,213,0.1,0.1,1,0.1,0.325,
856,214,0.1,0.1,0.1,0.1,0.1,
857,214,0.1,0.1,0.4,0.1,0.175,
858,214,0.1,0.1,0.7,0.1,0.25,
859,214,0.1,0.1,1,0.1,0.325,
860,215,0.1,0.1,0.1,0.1,0.1,
861,215,0.1,0.1,0.4,0.1,0.175,
862,215,0.1,0.1,0.7,0.1,0.25,
863,215,0.1,0.1,1,0.1,0.325,
864,216,0.1,0.1,0.1,0.1,0.1,
865,216,0.1,0.1,0.4,0.1,0.175,
866,216,0.1,0.1,0.7,0.1,0.25,
867,216,0.1,0.1,1,0.1,0.325,
868,217,0.1,0.1,0.1,0.1,0.1,
869,217,0.1,0.1,0.4,0.1,0.175,
870,217,0.1,0.1,0.7,0.1,0.25,
871,217,0.1,0.1,1,0.1,0.325,
872,218,0.2286,0.1,0.1,0.1,0.1322,
873,218,0.2286,0.1,0.4,0.1,0.2072,
874,218,0.2286,0.1,0.7,0.1,0.2822,
875,218,0.2286,0.1,1,0.1,0.3572,
876,219,0.4857,0.1,0.1,0.1,0.1964,
877,219,0.4857,0.1,0.4,0.1,0.2714,
878,219,0.4857,0.1,0.7,0.1,0.3464,
879,219,0.4857,0.1,1,0.1,0.4214,
880,220,0.1,0.1,0.1,0.1,0.1,
881,220,0.1,0.1,0.4,0.1,0.175,
882,220,0.1,0.1,0.7,0.1,0.25,
883,220,0.1,0.1,1,0.1,0.325,
884,221,0.4857,0.1,0.1,0.1,0.1964,
885,221,0.4857,0.1,0.4,0.1,0.2714,
886,221,0.4857,0.1,0.7,0.1,0.3464,
887,221,0.4857,0.1,1,0.1,0.4214,
888,222,0.3571,0.1,0.1,0.1,0.1643,
889,222,0.3571,0.1,0.4,0.1,0.2393,
890,222,0.3571,0.1,0.7,0.1,0.3143,
891,222,0.3571,0.1,1,0.1,0.3893,
892,223,0.2286,0.1,0.1,0.1,0.1322,
893,223,0.2286,0.1,0.4,0.1,0.2072,
894,223,0.2286,0.1,0.7,0.1,0.2822,
895,223,0.2286,0.1,1,0.1,0.3572,
896,224,0.2286,0.1,0.1,0.1,0.1322,
897,224,0.2286,0.1,0.4,0.1,0.2072,
898,224,0.2286,0.1,0.7,0.1,0.2822,
899,224,0.2286,0.1,1,0.1,0.3572,
900,225,0.3571,0.1,0.1,0.1,0.1643,
901,225,0.3571,0.1,0.4,0.1,0.2393,
902,225,0.3571,0.1,0.7,0.1,0.3143,
903,225,0.3571,0.1,1,0.1,0.3893,
904,226,0.3571,0.1,0.1,0.1,0.1643,
905,226,0.3571,0.1,0.4,0.1,0.2393,
906,226,0.3571,0.1,0.7,0.1,0.3143,
907,226,0.3571,0.1,1,0.1,0.3893,
908,227,0.4857,0.1,0.1,0.1,0.1964,
909,227,0.4857,0.1,0.4,0.1,0.2714,
910,227,0.4857,0.1,0.7,0.1,0.3464,
911,227,0.4857,0.1,1,0.1,0.4214,
912,228,0.2286,0.1,0.1,0.1,0.1322,
913,228,0.2286,0.1,0.4,0.1,0.2072,
914,228,0.2286,0.1,0.7,0.1,0.2822,
915,228,0.2286,0.1,1,0.1,0.3572,
916,229,0.6143,0.1,0.1,0.1,0.2286,
917,229,0.6143,0.1,0.4,0.1,0.3036,
918,229,0.6143,0.1,0.7,0.1,0.3786,
919,229,0.6143,0.1,1,0.1,0.4536,
920,230,0.1,0.1,0.1,0.1,0.1,
921,230,0.1,0.1,0.4,0.1,0.175,
922,230,0.1,0.1,0.7,0.1,0.25,
923,230,0.1,0.1,1,0.1,0.325,
924,231,0.1,0.1,0.1,0.1,0.1,
925,231,0.1,0.1,0.4,0.1,0.175,
926,231,0.1,0.1,0.7,0.1,0.25,
927,231,0.1,0.1,1,0.1,0.325,
928,232,0.1,0.1,0.1,0.1,0.1,
929,232,0.1,0.1,0.4,0.1,0.175,
930,232,0.1,0.1,0.7,0.1,0.25,
931,232,0.1,0.1,1,0.1,0.325,
932,233,0.1,0.1,0.1,0.1,0.1,
933,233,0.1,0.1,0.4,0.1,0.175,
934,233,0.1,0.1,0.7,0.1,0.25,
935,233,0.1,0.1,1,0.1,0.325,
936,234,0.1,0.1,0.1,0.1,0.1,
937,234,0.1,0.1,0.4,0.1,0.175,
938,234,0.1,0.1,0.7,0.1,0.25,
939,234,0.1,0.1,1,0.1,0.325,
940,235,0.2286,0.1,0.1,0.1,0.1322,
941,235,0.2286,0.1,0.4,0.1,0.2072,
942,235,0.2286,0.1,0.7,0.1,0.2822,
943,235,0.2286,0.1,1,0.1,0.3572,
944,236,0.2286,0.1,0.1,0.1,0.1322,
945,236,0.2286,0.1,0.4,0.1,0.2072,
946,236,0.2286,0.1,0.7,0.1,0.2822,
947,236,0.2286,0.1,1,0.1,0.3572,
948,237,0.4857,0.1,0.1,0.1,0.1964,
949,237,0.4857,0.1,0.4,0.1,0.2714,
950,237,0.4857,0.1,0.7,0.1,0.3464,
951,237,0.4857,0.1,1,0.1,0.4214,
952,238,0.3571,0.1,0.1,0.1,0.1643,
953,238,0.3571,0.1,0.4,0.1,0.2393,
954,238,0.3571,0.1,0.7,0.1,0.3143,
955,238,0.3571,0.1,1,0.1,0.3893,
956,239,0.1,0.25,0.1,0.1,0.1375,
957,239,0.1,0.25,0.4,0.1,0.2125,
958,239,0.1,0.25,0.7,0.1,0.2875,
959,239,0.1,0.25,1,0.1,0.3625,
960,240,0.1,0.25,0.1,0.1,0.1375,
961,240,0.1,0.25,0.4,0.1,0.2125,
962,240,0.1,0.25,0.7,0.1,0.2875,
963,240,0.1,0.25,1,0.1,0.3625,
964,241,0.1,0.1,0.1,0.1,0.1,
965,241,0.1,0.1,0.4,0.1,0.175,
966,241,0.1,0.1,0.7,0.1,0.25,
967,241,0.1,0.1,1,0.1,0.325,
968,242,0.1,0.25,0.1,0.1,0.1375,
969,242,0.1,0.25,0.4,0.1,0.2125,
970,242,0.1,0.25,0.7,0.1,0.2875,
971,242,0.1,0.25,1,0.1,0.3625,
972,243,0.1,0.1,0.1,0.1,0.1,
973,243,0.1,0.1,0.4,0.1,0.175,
974,243,0.1,0.1,0.7,0.1,0.25,
975,243,0.1,0.1,1,0.1,0.325,
976,244,0.1,0.1,0.1,0.1,0.1,
977,244,0.1,0.1,0.4,0.1,0.175,
978,244,0.1,0.1,0.7,0.1,0.25,
979,244,0.1,0.1,1,0.1,0.325,
980,245,0.1,0.1,0.1,0.1,0.1,
981,245,0.1,0.1,0.4,0.1,0.175,
982,245,0.1,0.1,0.7,0.1,0.25,
983,245,0.1,0.1,1,0.1,0.325,
984,246,0.1,0.1,0.1,0.1,0.1,
985,246,0.1,0.1,0.4,0.1,0.175,
986,246,0.1,0.1,0.7,0.1,0.25,
987,246,0.1,0.1,1,0.1,0.325,
988,247,0.1,0.1,0.1,0.1,0.1,
989,247,0.1,0.1,0.4,0.1,0.175,
990,247,0.1,0.1,0.7,0.1,0.25,
991,247,0.1,0.1,1,0.1,0.325,
992,248,0.1,0.1,0.1,0.1,0.1,
993,248,0.1,0.1,0.4,0.1,0.175,
994,248,0.1,0.1,0.7,0.1,0.25,
995,248,0.1,0.1,1,0.1,0.325,
996,249,0.1,0.1,0.1,0.1,0.1,
997,249,0.1,0.1,0.4,0.1,0.175,
998,249,0.1,0.1,0.7,0.1,0.25,
999,249,0.1,0.1,1,0.1,0.325,
1000,250,0.4857,0.1,0.1,0.1,0.1964,
1001,250,0.4857,0.1,0.4,0.1,0.2714,
1002,250,0.4857,0.1,0.7,0.1,0.3464,
1003,250,0.4857,0.1,1,0.1,0.4214,
1004,251,0.2286,0.1,0.1,0.1,0.1322,
1005,251,0.2286,0.1,0.4,0.1,0.2072,
1006,251,0.2286,0.1,0.7,0.1,0.2822,
1007,251,0.2286,0.1,1,0.1,0.3572,
1008,252,0.4857,0.1,0.1,0.1,0.1964,
1009,252,0.4857,0.1,0.4,0.1,0.2714,
1010,252,0.4857,0.1,0.7,0.1,0.3464,
1011,252,0.4857,0.1,1,0.1,0.4214,
1012,253,0.2286,0.1,0.1,0.1,0.1322,
1013,253,0.2286,0.1,0.4,0.1,0.2072,
1014,253,0.2286,0.1,0.7,0.1,0.2822,
1015,253,0.2286,0.1,1,0.1,0.3572,
1016,254,0.3571,0.1,0.1,0.1,0.1643,
1017,254,0.3571,0.1,0.4,0.1,0.2393,
1018,254,0.3571,0.1,0.7,0.1,0.3143,
1019,254,0.3571,0.1,1,0.1,0.3893,
1020,255,0.4857,0.1,0.1,0.1,0.1964,
1021,255,0.4857,0.1,0.4,0.1,0.2714,
1022,255,0.4857,0.1,0.7,0.1,0.3464,
1023,255,0.4857,0.1,1,0.1,0.4214,
1024,256,0.4857,0.1,0.1,0.1,0.1964,
1025,256,0.4857,0.1,0.4,0.1,0.2714,
1026,256,0.4857,0.1,0.7,0.1,0.3464,
1027,256,0.4857,0.1,1,0.1,0.4214,
1028,257,0.2286,0.1,0.1,0.1,0.1322,
1029,257,0.2286,0.1,0.4,0.1,0.2072,
1030,257,0.2286,0.1,0.7,0.1,0.2822,
1031,257,0.2286,0.1,1,0.1,0.3572,
1032,258,0.1,0.1,0.1,0.1,0.1,
1033,258,0.1,0.1,0.4,0.1,0.175,
1034,258,0.1,0.1,0.7,0.1,0.25,
1035,258,0.1,0.1,1,0.1,0.325,
1036,259,0.1,0.25,0.1,0.1,0.1375,
1037,259,0.1,0.25,0.4,0.1,0.2125,
1038,259,0.1,0.25,0.7,0.1,0.2875,
1039,259,0.1,0.25,1,0.1,0.3625,
1040,260,0.1,0.25,0.1,0.1,0.1375,
1041,260,0.1,0.25,0.4,0.1,0.2125,
1042,260,0.1,0.25,0.7,0.1,0.2875,
1043,260,0.1,0.25,1,0.1,0.3625,
1044,261,0.4857,0.1,0.1,0.1,0.1964,
1045,261,0.4857,0.1,0.4,0.1,0.2714,
1046,261,0.4857,0.1,0.7,0.1,0.3464,
1047,261,0.4857,0.1,1,0.1,0.4214,
1048,262,0.4857,0.1,0.1,0.1,0.1964,
1049,262,0.4857,0.1,0.4,0.1,0.2714,
1050,262,0.4857,0.1,0.7,0.1,0.3464,
1051,262,0.4857,0.1,1,0.1,0.4214,
1052,263,0.2286,0.1,0.1,0.1,0.1322,
1053,263,0.2286,0.1,0.4,0.1,0.2072,
1054,263,0.2286,0.1,0.7,0.1,0.2822,
1055,263,0.2286,0.1,1,0.1,0.3572,
1056,264,0.6143,0.1,0.1,0.1,0.2286,
1057,264,0.6143,0.1,0.4,0.1,0.3036,
1058,264,0.6143,0.1,0.7,0.1,0.3786,
1059,264,0.6143,0.1,1,0.1,0.4536,
1060,265,0.3571,0.1,0.1,0.1,0.1643,
1061,265,0.3571,0.1,0.4,0.1,0.2393,
1062,265,0.3571,0.1,0.7,0.1,0.3143,
1063,265,0.3571,0.1,1,0.1,0.3893,
1064,266,0.3571,0.1,0.1,0.1,0.1643,
1065,266,0.3571,0.1,0.4,0.1,0.2393,
1066,266,0.3571,0.1,0.7,0.1,0.3143,
1067,266,0.3571,0.1,1,0.1,0.3893,
1068,267,0.4857,0.1,0.1,0.1,0.1964,
1069,267,0.4857,0.1,0.4,0.1,0.2714,
1070,267,0.4857,0.1,0.7,0.1,0.3464,
1071,267,0.4857,0.1,1,0.1,0.4214,
1072,268,0.4857,0.1,0.1,0.1,0.1964,
1073,268,0.4857,0.1,0.4,0.1,0.2714,
1074,268,0.4857,0.1,0.7,0.1,0.3464,
1075,268,0.4857,0.1,1,0.1,0.4214,
1076,269,0.1,0.1,0.1,0.1,0.1,
1077,269,0.1,0.1,0.4,0.1,0.175,
1078,269,0.1,0.1,0.7,0.1,0.25,
1079,269,0.1,0.1,1,0.1,0.325,
1080,270,0.4857,0.1,0.1,0.1,0.1964,
1081,270,0.4857,0.1,0.4,0.1,0.2714,
1082,270,0.4857,0.1,0.7,0.1,0.3464,
1083,270,0.4857,0.1,1,0.1,0.4214,
1084,271,0.2286,0.1,0.1,0.1,0.1322,
1085,271,0.2286,0.1,0.4,0.1,0.2072,
1086,271,0.2286,0.1,0.7,0.1,0.2822,
1087,271,0.2286,0.1,1,0.1,0.3572,
1088,272,0.2286,0.1,0.1,0.1,0.1322,
1089,272,0.2286,0.1,0.4,0.1,0.2072,
1090,272,0.2286,0.1,0.7,0.1,0.2822,
1091,272,0.2286,0.1,1,0.1,0.3572,
1092,273,0.3571,0.1,0.1,0.1,0.1643,
1093,273,0.3571,0.1,0.4,0.1,0.2393,
1094,273,0.3571,0.1,0.7,0.1,0.3143,
1095,273,0.3571,0.1,1,0.1,0.3893,
1096,274,0.3571,0.1,0.1,0.1,0.1643,
1097,274,0.3571,0.1,0.4,0.1,0.2393,
1098,274,0.3571,0.1,0.7,0.1,0.3143,
1099,274,0.3571,0.1,1,0.1,0.3893,
1100,275,0.2286,0.1,0.1,0.1,0.1322,
1101,275,0.2286,0.1,0.4,0.1,0.2072,
1102,275,0.2286,0.1,0.7,0.1,0.2822,
1103,275,0.2286,0.1,1,0.1,0.3572,
1104,276,0.1,0.1,0.1,0.1,0.1,
1105,276,0.1,0.1,0.4,0.1,0.175,
1106,276,0.1,0.1,0.7,0.1,0.25,
1107,276,0.1,0.1,1,0.1,0.325,
1108,277,0.3571,0.1,0.1,0.1,0.1643,
1109,277,0.3571,0.1,0.4,0.1,0.2393,
1110,277,0.3571,0.1,0.7,0.1,0.3143,
1111,277,0.3571,0.1,1,0.1,0.3893,
1112,278,0.1,0.1,0.1,0.1,0.1,
1113,278,0.1,0.1,0.4,0.1,0.175,
1114,278,0.1,0.1,0.7,0.1,0.25,
1115,279,0.4857,0.1,0.1,0.1,0.1964,
1116,279,0.4857,0.1,0.4,0.1,0.2714,
1117,279,0.4857,0.1,0.7,0.1,0.3464,
1118,279,0.4857,0.1,1,0.1,0.4214,
1119,280,0.2286,0.1,0.1,0.1,0.1322,
1120,280,0.2286,0.1,0.4,0.1,0.2072,
1121,280,0.2286,0.1,0.7,0.1,0.2822,
1122,280,0.2286,0.1,1,0.1,0.3572,
1123,281,0.3571,0.1,0.1,0.1,0.1643,
1124,281,0.3571,0.1,0.4,0.1,0.2393,
1125,281,0.3571,0.1,0.7,0.1,0.3143,
1126,281,0.3571,0.1,1,0.1,0.3893,
1127,282,0.4857,0.25,0.1,0.1,0.2339,
1128,282,0.4857,0.25,0.4,0.1,0.3089,
1129,282,0.4857,0.25,0.7,0.1,0.3839,
1130,282,0.4857,0.25,1,0.1,0.4589,
1131,283,0.3571,0.1,0.1,0.1,0.1643,
1132,283,0.3571,0.1,0.4,0.1,0.2393,
1133,283,0.3571,0.1,0.7,0.1,0.3143,
1134,283,0.3571,0.1,1,0.1,0.3893,
1135,284,0.3571,0.1,0.1,0.1,0.1643,
1136,284,0.3571,0.1,0.4,0.1,0.2393,
1137,284,0.3571,0.1,0.7,0.1,0.3143,
1138,284,0.3571,0.1,1,0.1,0.3893,
1139,285,0.4857,0.1,0.1,0.1,0.1964,
1140,285,0.4857,0.1,0.4,0.1,0.2714,
1141,285,0.4857,0.1,0.7,0.1,0.3464,
1142,285,0.4857,0.1,1,0.1,0.4214,
1143,286,0.3571,0.1,0.1,0.1,0.1643,
1144,286,0.3571,0.1,0.4,0.1,0.2393,
1145,286,0.3571,0.1,0.7,0.1,0.3143,
1146,286,0.3571,0.1,1,0.1,0.3893,
1147,287,0.2286,0.55,0.1,0.1,0.2447,
1148,287,0.2286,0.55,0.4,0.1,0.3197,
1149,287,0.2286,0.55,0.7,0.1,0.3947,
1150,287,0.2286,0.55,1,0.1,0.4696,
1151,288,0.3571,0.1,0.1,0.1,0.1643,
1152,288,0.3571,0.1,0.4,0.1,0.2393,
1153,288,0.3571,0.1,0.7,0.1,0.3143,
1154,288,0.3571,0.1,1,0.1,0.3893,
1155,289,0.6143,0.1,0.1,0.1,0.2286,
1156,289,0.6143,0.1,0.4,0.1,0.3036,
1157,289,0.6143,0.1,0.7,0.1,0.3786,
1158,289,0.6143,0.1,1,0.1,0.4536,
1159,290,0.3571,0.1,0.1,0.1,0.1643,
1160,290,0.3571,0.1,0.4,0.1,0.2393,
1161,290,0.3571,0.1,0.7,0.1,0.3143,
1162,290,0.3571,0.1,1,0.1,0.3893,
1163,291,0.3571,0.1,0.1,0.1,0.1643,
1164,291,0.3571,0.1,0.4,0.1,0.2393,
1165,291,0.3571,0.1,0.7,0.1,0.3143,
1166,291,0.3571,0.1,1,0.1,0.3893,
1167,292,0.1,0.25,0.1,0.1,0.1375,
1168,292,0.1,0.25,0.4,0.1,0.2125,
1169,292,0.1,0.25,0.7,0.1,0.2875,
1170,292,0.1,0.25,1,0.1,0.3625,
1171,293,0.2286,0.1,0.1,0.1,0.1322,
1172,293,0.2286,0.1,0.4,0.1,0.2072,
1173,293,0.2286,0.1,0.7,0.1,0.2822,
1174,293,0.2286,0.1,1,0.1,0.3572,
1175,294,0.4857,0.1,0.1,0.1,0.1964,
1176,294,0.4857,0.1,0.4,0.1,0.2714,
1177,294,0.4857,0.1,0.7,0.1,0.3464,
1178,294,0.4857,0.1,1,0.1,0.4214,
1179,295,0.2286,0.1,0.1,0.1,0.1322,
1180,295,0.2286,0.1,0.4,0.1,0.2072,
1181,295,0.2286,0.1,0.7,0.1,0.2822,
1182,295,0.2286,0.1,1,0.1,0.3572,
1183,296,0.3571,0.1,0.1,0.1,0.1643,
1184,296,0.3571,0.1,0.4,0.1,0.2393,
1185,296,0.3571,0.1,0.7,0.1,0.3143,
1186,296,0.3571,0.1,1,0.1,0.3893,
1187,297,0.2286,0.1,0.1,0.1,0.1322,
1188,297,0.2286,0.1,0.4,0.1,0.2072,
1189,297,0.2286,0.1,0.7,0.1,0.2822,
1190,297,0.2286,0.1,1,0.1,0.3572,
1191,298,0.2286,0.1,0.1,0.1,0.1322,
1192,298,0.2286,0.1,0.4,0.1,0.2072,
1193,298,0.2286,0.1,0.7,0.1,0.2822,
1194,298,0.2286,0.1,1,0.1,0.3572,
1195,299,0.3571,0.1,0.1,0.1,0.1643,
1196,299,0.3571,0.1,0.4,0.1,0.2393,
1197,299,0.3571,0.1,0.7,0.1,0.3143,
1198,299,0.3571,0.1,1,0.1,0.3893,
1199,300,0.4857,0.1,0.1,0.1,0.1964,
1200,300,0.4857,0.1,0.4,0.1,0.2714,
1201,300,0.4857,0.1,0.7,0.1,0.3464,
1202,300,0.4857,0.1,1,0.1,0.4214,
1203,301,0.2286,0.1,0.1,0.1,0.1322,
1204,301,0.2286,0.1,0.4,0.1,0.2072,
1205,301,0.2286,0.1,0.7,0.1,0.2822,
1206,301,0.2286,0.1,1,0.1,0.3572,
1207,302,0.2286,0.4,0.1,0.1,0.2072,
1208,302,0.2286,0.4,0.4,0.1,0.2822,
1209,302,0.2286,0.4,0.7,0.1,0.3572,
1210,302,0.2286,0.4,1,0.1,0.4322,
1211,303,0.2286,0.1,0.1,0.1,0.1322,
1212,303,0.2286,0.1,0.4,0.1,0.2072,
1213,303,0.2286,0.1,0.7,0.1,0.2822,
1214,303,0.2286,0.1,1,0.1,0.3572,
1215,304,0.3571,0.1,0.1,0.1,0.1643,
1216,304,0.3571,0.1,0.4,0.1,0.2393,
1217,304,0.3571,0.1,0.7,0.1,0.3143,
1218,304,0.3571,0.1,1,0.1,0.3893,
1219,305,0.1,0.1,0.1,0.1,0.1,
1220,305,0.1,0.1,0.4,0.1,0.175,
1221,305,0.1,0.1,0.7,0.1,0.25,
1222,305,0.1,0.1,1,0.1,0.325,
1223,306,0.6143,0.1,0.1,0.1,0.2286,
1224,306,0.6143,0.1,0.4,0.1,0.3036,
1225,306,0.6143,0.1,0.7,0.1,0.3786,
1226,306,0.6143,0.1,1,0.1,0.4536,
1227,307,0.1,0.25,0.1,0.1,0.1375,
1228,307,0.1,0.25,0.4,0.1,0.2125,
1229,307,0.1,0.25,0.7,0.1,0.2875,
1230,307,0.1,0.25,1,0.1,0.3625,
1231,308,0.3571,0.1,0.1,0.1,0.1643,
1232,308,0.3571,0.1,0.4,0.1,0.2393,
1233,308,0.3571,0.1,0.7,0.1,0.3143,
1234,308,0.3571,0.1,1,0.1,0.3893,
1235,309,0.1,0.1,0.1,0.1,0.1,
1236,309,0.1,0.1,0.4,0.1,0.175,
1237,309,0.1,0.1,0.7,0.1,0.25,
1238,309,0.1,0.1,1,0.1,0.325,
1239,310,0.1,0.1,0.1,0.1,0.1,
1240,310,0.1,0.1,0.4,0.1,0.175,
1241,310,0.1,0.1,0.7,0.1,0.25,
1242,310,0.1,0.1,1,0.1,0.325,
1243,311,0.3571,0.1,0.1,0.1,0.1643,
1244,311,0.3571,0.1,0.4,0.1,0.2393,
1245,311,0.3571,0.1,0.7,0.1,0.3143,
1246,311,0.3571,0.1,1,0.1,0.3893,
1247,312,0.2286,0.1,0.1,1,0.3572,
1248,312,0.2286,0.1,0.4,1,0.4322,
1249,312,0.2286,0.1,0.7,1,0.5072,
1250,312,0.2286,0.1,1,1,0.5822,
1251,313,0.1,0.1,0.1,1,0.325,
1252,313,0.1,0.1,0.4,1,0.4,
1253,313,0.1,0.1,0.7,1,0.475,
1254,313,0.1,0.1,1,1,0.55,
1255,314,0.1,0.1,0.1,1,0.325,
1256,314,0.1,0.1,0.4,1,0.4,
1257,314,0.1,0.1,0.7,1,0.475,
1258,314,0.1,0.1,1,1,0.55,
1259,315,0.1,0.1,0.1,1,0.325,
1260,315,0.1,0.1,0.4,1,0.4,
1261,315,0.1,0.1,0.7,1,0.475,
1262,315,0.1,0.1,1,1,0.55,
1263,316,0.1,0.1,0.1,1,0.325,
1264,316,0.1,0.1,0.4,1,0.4,
1265,316,0.1,0.1,0.7,1,0.475,
1266,316,0.1,0.1,1,1,0.55,
1267,317,0.1,0.1,0.1,1,0.325,
1268,317,0.1,0.1,0.4,1,0.4,
1269,317,0.1,0.1,0.7,1,0.475,
1270,317,0.1,0.1,1,1,0.55,
1271,318,0.1,0.1,0.1,1,0.325,
1272,318,0.1,0.1,0.4,1,0.4,
1273,318,0.1,0.1,0.7,1,0.475,
1274,318,0.1,0.1,1,1,0.55,
1275,319,0.1,0.1,0.1,1,0.325,
1276,319,0.1,0.1,0.4,1,0.4,
1277,319,0.1,0.1,0.7,1,0.475,
1278,319,0.1,0.1,1,1,0.55,
1279,320,0.4857,0.1,0.1,1,0.4214,
1280,320,0.4857,0.1,0.4,1,0.4964,
1281,320,0.4857,0.1,0.7,1,0.5714,
1282,320,0.4857,0.1,1,1,0.6464,
1283,321,0.2286,0.1,0.1,1,0.3572,
1284,321,0.2286,0.1,0.4,1,0.4322,
1285,321,0.2286,0.1,0.7,1,0.5072,
1286,321,0.2286,0.1,1,1,0.5822,
1287,322,0.4857,0.1,0.1,1,0.4214,
1288,322,0.4857,0.1,0.4,1,0.4964,
1289,322,0.4857,0.1,0.7,1,0.5714,
1290,322,0.4857,0.1,1,1,0.6464,
1291,323,0.4857,0.1,0.1,1,0.4214,
1292,323,0.4857,0.1,0.4,1,0.4964,
1293,323,0.4857,0.1,0.7,1,0.5714,
1294,323,0.4857,0.1,1,1,0.6464,
1295,324,0.3571,0.1,0.1,1,0.3893,
1296,324,0.3571,0.1,0.4,1,0.4643,
1297,324,0.3571,0.1,0.7,1,0.5393,
1298,324,0.3571,0.1,1,1,0.6143,
1299,325,0.2286,0.1,0.1,1,0.3572,
1300,325,0.2286,0.1,0.4,1,0.4322,
1301,325,0.2286,0.1,0.7,1,0.5072,
1302,325,0.2286,0.1,1,1,0.5822,
1303,326,0.4857,0.1,0.1,1,0.4214,
1304,326,0.4857,0.1,0.4,1,0.4964,
1305,326,0.4857,0.1,0.7,1,0.5714,
1306,326,0.4857,0.1,1,1,0.6464,
1307,327,0.1,0.1,0.1,1,0.325,
1308,327,0.1,0.1,0.4,1,0.4,
1309,327,0.1,0.1,0.7,1,0.475,
1310,327,0.1,0.1,1,1,0.55,
1311,328,0.1,0.1,0.1,1,0.325,
1312,328,0.1,0.1,0.4,1,0.4,
1313,328,0.1,0.1,0.7,1,0.475,
1314,328,0.1,0.1,1,1,0.55,
1315,329,0.2286,0.1,0.1,1,0.3572,
1316,329,0.2286,0.1,0.4,1,0.4322,
1317,329,0.2286,0.1,0.7,1,0.5072,
1318,329,0.2286,0.1,1,1,0.5822,
1319,330,0.1,0.25,0.1,1,0.3625,
1320,330,0.1,0.25,0.4,1,0.4375,
1321,330,0.1,0.25,0.7,1,0.5125,
1322,330,0.1,0.25,1,1,0.5875,
1323,331,0.1,0.25,0.1,1,0.3625,
1324,331,0.1,0.25,0.4,1,0.4375,
1325,331,0.1,0.25,0.7,1,0.5125,
1326,331,0.1,0.25,1,1,0.5875,
1327,332,0.4857,0.1,0.1,1,0.4214,
1328,332,0.4857,0.1,0.4,1,0.4964,
1329,332,0.4857,0.1,0.7,1,0.5714,
1330,332,0.4857,0.1,1,1,0.6464,
1331,333,0.4857,0.1,0.1,1,0.4214,
1332,333,0.4857,0.1,0.4,1,0.4964,
1333,333,0.4857,0.1,0.7,1,0.5714,
1334,333,0.4857,0.1,1,1,0.6464,
1335,334,0.3571,0.1,0.1,1,0.3893,
1336,334,0.3571,0.1,0.4,1,0.4643,
1337,334,0.3571,0.1,0.7,1,0.5393,
1338,334,0.3571,0.1,1,1,0.6143,
1339,335,0.1,0.1,0.1,1,0.325,
1340,335,0.1,0.1,0.4,1,0.4,
1341,335,0.1,0.1,0.7,1,0.475,
1342,335,0.1,0.1,1,1,0.55,
1343,336,0.2286,0.1,0.1,1,0.3572,
1344,336,0.2286,0.1,0.4,1,0.4322,
1345,336,0.2286,0.1,0.7,1,0.5072,
1346,336,0.2286,0.1,1,1,0.5822,
1347,337,0.4857,0.25,0.1,1,0.4589,
1348,337,0.4857,0.25,0.4,1,0.5339,
1349,337,0.4857,0.25,0.7,1,0.6089,
1350,337,0.4857,0.25,1,1,0.6839,
1351,338,0.3571,0.1,0.1,1,0.3893,
1352,338,0.3571,0.1,0.4,1,0.4643,
1353,338,0.3571,0.1,0.7,1,0.5393,
1354,338,0.3571,0.1,1,1,0.6143,
1355,339,0.2286,0.1,0.1,1,0.3572,
1356,339,0.2286,0.1,0.4,1,0.4322,
1357,339,0.2286,0.1,0.7,1,0.5072,
1358,339,0.2286,0.1,1,1,0.5822,
1359,340,0.3571,0.1,0.1,1,0.3893,
1360,340,0.3571,0.1,0.4,1,0.4643,
1361,340,0.3571,0.1,0.7,1,0.5393,
1362,340,0.3571,0.1,1,1,0.6143,
1363,341,0.1,0.1,0.1,1,0.325,
1364,341,0.1,0.1,0.4,1,0.4,
1365,341,0.1,0.1,0.7,1,0.475,
1366,341,0.1,0.1,1,1,0.55,
1367,342,0.1,0.1,0.1,1,0.325,
1368,342,0.1,0.1,0.4,1,0.4,
1369,342,0.1,0.1,0.7,1,0.475,
1370,343,0.2286,0.1,0.1,1,0.3572,
1371,343,0.2286,0.1,0.4,1,0.4322,
1372,343,0.2286,0.1,0.7,1,0.5072,
1373,343,0.2286,0.1,1,1,0.5822,
1374,344,0.1,0.1,0.1,1,0.325,
1375,344,0.1,0.1,0.4,1,0.4,
1376,344,0.1,0.1,0.7,1,0.475,
1377,344,0.1,0.1,1,1,0.55,
1378,345,0.3571,0.1,0.1,1,0.3893,
1379,345,0.3571,0.1,0.4,1,0.4643,
1380,345,0.3571,0.1,0.7,1,0.5393,
1381,345,0.3571,0.1,1,1,0.6143,
1382,346,0.3571,0.1,0.1,1,0.3893,
1383,346,0.3571,0.1,0.4,1,0.4643,
1384,346,0.3571,0.1,0.7,1,0.5393,
1385,346,0.3571,0.1,1,1,0.6143,
1386,347,0.1,0.25,0.1,1,0.3625,
1387,347,0.1,0.25,0.4,1,0.4375,
1388,347,0.1,0.25,0.7,1,0.5125,
1389,347,0.1,0.25,1,1,0.5875,
1390,348,0.4857,0.1,0.1,1,0.4214,
1391,348,0.4857,0.1,0.4,1,0.4964,
1392,348,0.4857,0.1,0.7,1,0.5714,
1393,348,0.4857,0.1,1,1,0.6464,
1394,349,0.3571,0.1,0.1,1,0.3893,
1395,349,0.3571,0.1,0.4,1,0.4643,
1396,349,0.3571,0.1,0.7,1,0.5393,
1397,349,0.3571,0.1,1,1,0.6143,
1398,350,0.3571,0.1,0.1,1,0.3893,
1399,350,0.3571,0.1,0.4,1,0.4643,
1400,350,0.3571,0.1,0.7,1,0.5393,
1401,350,0.3571,0.1,1,1,0.6143,
1402,351,0.3571,0.1,0.1,1,0.3893,
1403,351,0.3571,0.1,0.4,1,0.4643,
1404,351,0.3571,0.1,0.7,1,0.5393,
1405,351,0.3571,0.1,1,1,0.6143,
1406,352,0.4857,0.1,0.1,1,0.4214,
1407,352,0.4857,0.1,0.4,1,0.4964,
1408,352,0.4857,0.1,0.7,1,0.5714,
1409,352,0.4857,0.1,1,1,0.6464,
1410,353,0.2286,0.1,0.1,1,0.3572,
1411,353,0.2286,0.1,0.4,1,0.4322,
1412,353,0.2286,0.1,0.7,1,0.5072,
1413,353,0.2286,0.1,1,1,0.5822,
1414,354,0.4857,0.1,0.1,1,0.4214,
1415,354,0.4857,0.1,0.4,1,0.4964,
1416,354,0.4857,0.1,0.7,1,0.5714,
1417,354,0.4857,0.1,1,1,0.6464,
1418,355,0.3571,0.1,0.1,1,0.3893,
1419,355,0.3571,0.1,0.4,1,0.4643,
1420,355,0.3571,0.1,0.7,1,0.5393,
1421,355,0.3571,0.1,1,1,0.6143,
1422,356,0.1,0.25,0.1,1,0.3625,
1423,356,0.1,0.25,0.4,1,0.4375,
1424,356,0.1,0.25,0.7,1,0.5125,
1425,356,0.1,0.25,1,1,0.5875,
1426,357,0.2286,0.1,0.1,1,0.3572,
1427,357,0.2286,0.1,0.4,1,0.4322,
1428,357,0.2286,0.1,0.7,1,0.5072,
1429,357,0.2286,0.1,1,1,0.5822,
1430,358,0.2286,0.55,0.1,1,0.4697,
1431,358,0.2286,0.55,0.4,1,0.5447,
1432,358,0.2286,0.55,0.7,1,0.6196,
1433,358,0.2286,0.55,1,1,0.6946,
1434,359,0.3571,0.1,0.1,1,0.3893,
1435,359,0.3571,0.1,0.4,1,0.4643,
1436,359,0.3571,0.1,0.7,1,0.5393,
1437,359,0.3571,0.1,1,1,0.6143,
1438,360,0.3571,0.1,0.1,1,0.3893,
1439,360,0.3571,0.1,0.4,1,0.4643,
1440,360,0.3571,0.1,0.7,1,0.5393,
1441,360,0.3571,0.1,1,1,0.6143,
1442,361,0.6143,0.1,0.1,1,0.4536,
1443,361,0.6143,0.1,0.4,1,0.5286,
1444,361,0.6143,0.1,0.7,1,0.6036,
1445,361,0.6143,0.1,1,1,0.6786,
1446,362,0.3571,0.1,0.1,1,0.3893,
1447,362,0.3571,0.1,0.4,1,0.4643,
1448,362,0.3571,0.1,0.7,1,0.5393,
1449,362,0.3571,0.1,1,1,0.6143,
1450,363,0.4857,0.1,0.1,1,0.4214,
1451,363,0.4857,0.1,0.4,1,0.4964,
1452,363,0.4857,0.1,0.7,1,0.5714,
1453,363,0.4857,0.1,1,1,0.6464,
1454,364,0.3571,0.1,0.1,1,0.3893,
1455,364,0.3571,0.1,0.4,1,0.4643,
1456,364,0.3571,0.1,0.7,1,0.5393,
1457,364,0.3571,0.1,1,1,0.6143,
1458,365,0.3571,0.1,0.1,1,0.3893,
1459,365,0.3571,0.1,0.4,1,0.4643,
1460,365,0.3571,0.1,0.7,1,0.5393,
1461,365,0.3571,0.1,1,1,0.6143,
1462,366,0.2286,0.1,0.1,1,0.3572,
1463,366,0.2286,0.1,0.4,1,0.4322,
1464,366,0.2286,0.1,0.7,1,0.5072,
1465,366,0.2286,0.1,1,1,0.5822,
1466,367,0.2286,0.1,0.1,1,0.3572,
1467,367,0.2286,0.1,0.4,1,0.4322,
1468,367,0.2286,0.1,0.7,1,0.5072,
1469,367,0.2286,0.1,1,1,0.5822,
1470,368,0.2286,0.1,0.1,1,0.3572,
1471,368,0.2286,0.1,0.4,1,0.4322,
1472,368,0.2286,0.1,0.7,1,0.5072,
1473,368,0.2286,0.1,1,1,0.5822,
1474,369,0.4857,0.1,0.1,1,0.4214,
1475,369,0.4857,0.1,0.4,1,0.4964,
1476,369,0.4857,0.1,0.7,1,0.5714,
1477,369,0.4857,0.1,1,1,0.6464,
1478,370,0.2286,0.1,0.1,1,0.3572,
1479,370,0.2286,0.1,0.4,1,0.4322,
1480,370,0.2286,0.1,0.7,1,0.5072,
1481,370,0.2286,0.1,1,1,0.5822,
1482,371,0.4857,0.1,0.1,1,0.4214,
1483,371,0.4857,0.1,0.4,1,0.4964,
1484,371,0.4857,0.1,0.7,1,0.5714,
1485,371,0.4857,0.1,1,1,0.6464,
1486,372,0.2286,0.1,0.1,1,0.3572,
1487,372,0.2286,0.1,0.4,1,0.4322,
1488,372,0.2286,0.1,0.7,1,0.5072,
1489,372,0.2286,0.1,1,1,0.5822,
1490,373,0.3571,0.1,0.1,1,0.3893,
1491,373,0.3571,0.1,0.4,1,0.4643,
1492,373,0.3571,0.1,0.7,1,0.5393,
1493,373,0.3571,0.1,1,1,0.6143,
1494,374,0.1,0.1,0.1,1,0.325,
1495,374,0.1,0.1,0.4,1,0.4,
1496,374,0.1,0.1,0.7,1,0.475,
1497,374,0.1,0.1,1,1,0.55,
1498,375,0.6143,0.1,0.1,1,0.4536,
1499,375,0.6143,0.1,0.4,1,0.5286,
1500,375,0.6143,0.1,0.7,1,0.6036,
1501,375,0.6143,0.1,1,1,0.6786,
1502,376,0.1,0.25,0.1,1,0.3625,
1503,376,0.1,0.25,0.4,1,0.4375,
1504,376,0.1,0.25,0.7,1,0.5125,
1505,376,0.1,0.25,1,1,0.5875,
1506,377,0.3571,0.1,0.1,1,0.3893,
1507,377,0.3571,0.1,0.4,1,0.4643,
1508,377,0.3571,0.1,0.7,1,0.5393,
1509,377,0.3571,0.1,1,1,0.6143,
1510,378,0.4857,0.1,0.1,1,0.4214,
1511,378,0.4857,0.1,0.4,1,0.4964,
1512,378,0.4857,0.1,0.7,1,0.5714,
1513,378,0.4857,0.1,1,1,0.6464,
1514,379,0.2286,0.4,0.1,1,0.4322,
1515,379,0.2286,0.4,0.4,1,0.5072,
1516,379,0.2286,0.4,0.7,1,0.5822,
1517,379,0.2286,0.4,1,1,0.6572,
1518,380,0.6143,0.1,0.1,1,0.4536,
1519,380,0.6143,0.1,0.4,1,0.5286,
1520,380,0.6143,0.1,0.7,1,0.6036,
1521,380,0.6143,0.1,1,1,0.6786,
1522,381,0.3571,0.1,0.1,1,0.3893,
1523,381,0.3571,0.1,0.4,1,0.4643,
1524,381,0.3571,0.1,0.7,1,0.5393,
1525,381,0.3571,0.1,1,1,0.6143,
1526,382,0.1,0.1,0.1,1,0.325,
1527,382,0.1,0.1,0.4,1,0.4,
1528,382,0.1,0.1,0.7,1,0.475,
1529,382,0.1,0.1,1,1,0.55,
1530,383,0.1,0.1,0.1,1,0.325,
1531,383,0.1,0.1,0.4,1,0.4,
1532,383,0.1,0.1,0.7,1,0.475,
1533,383,0.1,0.1,1,1,0.55,
1534,384,0.1,0.1,0.1,1,0.325,
1535,384,0.1,0.1,0.4,1,0.4,
1536,384,0.1,0.1,0.7,1,0.475,
1537,384,0.1,0.1,1,1,0.55,
1538,385,0.4857,0.1,0.1,1,0.4214,
1539,385,0.4857,0.1,0.4,1,0.4964,
1540,385,0.4857,0.1,0.7,1,0.5714,
1541,385,0.4857,0.1,1,1,0.6464,
1542,386,0.1,0.25,0.1,1,0.3625,
1543,386,0.1,0.25,0.4,1,0.4375,
1544,386,0.1,0.25,0.7,1,0.5125,
1545,386,0.1,0.25,1,1,0.5875,
1546,387,0.1,0.25,0.1,1,0.3625,
1547,387,0.1,0.25,0.4,1,0.4375,
1548,387,0.1,0.25,0.7,1,0.5125,
1549,387,0.1,0.25,1,1,0.5875,
1550,388,0.4857,0.1,0.1,1,0.4214,
1551,388,0.4857,0.1,0.4,1,0.4964,
1552,388,0.4857,0.1,0.7,1,0.5714,
1553,388,0.4857,0.1,1,1,0.6464,
1554,389,0.1,0.1,0.1,1,0.325,
1555,389,0.1,0.1,0.4,1,0.4,
1556,389,0.1,0.1,0.7,1,0.475,
1557,389,0.1,0.1,1,1,0.55,
1558,390,0.1,0.25,0.1,1,0.3625,
1559,390,0.1,0.25,0.4,1,0.4375,
1560,390,0.1,0.25,0.7,1,0.5125,
1561,390,0.1,0.25,1,1,0.5875,
1562,391,0.1,0.1,0.1,1,0.325,
1563,391,0.1,0.1,0.4,1,0.4,
1564,391,0.1,0.1,0.7,1,0.475,
1565,391,0.1,0.1,1,1,0.55,
1566,392,0.2286,0.1,0.1,1,0.3572,
1567,392,0.2286,0.1,0.4,1,0.4322,
1568,392,0.2286,0.1,0.7,1,0.5072,
1569,392,0.2286,0.1,1,1,0.5822,
1570,393,0.4857,0.25,0.1,1,0.4589,
1571,393,0.4857,0.25,0.4,1,0.5339,
1572,393,0.4857,0.25,0.7,1,0.6089,
1573,393,0.4857,0.25,1,1,0.6839,
1574,394,0.3571,0.1,0.1,1,0.3893,
1575,394,0.3571,0.1,0.4,1,0.4643,
1576,394,0.3571,0.1,0.7,1,0.5393,
1577,394,0.3571,0.1,1,1,0.6143,
1578,395,0.3571,0.1,0.1,1,0.3893,
1579,395,0.3571,0.1,0.4,1,0.4643,
1580,395,0.3571,0.1,0.7,1,0.5393,
1581,395,0.3571,0.1,1,1,0.6143,
1582,396,0.2286,0.1,0.1,1,0.3572,
1583,396,0.2286,0.1,0.4,1,0.4322,
1584,396,0.2286,0.1,0.7,1,0.5072,
1585,396,0.2286,0.1,1,1,0.5822,
1586,397,0.3571,0.1,0.1,1,0.3893,
1587,397,0.3571,0.1,0.4,1,0.4643,
1588,397,0.3571,0.1,0.7,1,0.5393,
1589,397,0.3571,0.1,1,1,0.6143,
1590,398,0.2286,0.1,0.1,1,0.3572,
1591,398,0.2286,0.1,0.4,1,0.4322,
1592,398,0.2286,0.1,0.7,1,0.5072,
1593,398,0.2286,0.1,1,1,0.5822,
1594,399,0.1,0.1,0.1,1,0.325,
1595,399,0.1,0.1,0.4,1,0.4,
1596,399,0.1,0.1,0.7,1,0.475,
1597,399,0.1,0.1,1,1,0.55,
1598,400,0.3571,0.1,0.1,1,0.3893,
1599,400,0.3571,0.1,0.4,1,0.4643,
1600,400,0.3571,0.1,0.7,1,0.5393,
1601,400,0.3571,0.1,1,1,0.6143,
1602,401,0.3571,0.1,0.1,1,0.3893,
1603,401,0.3571,0.1,0.4,1,0.4643,
1604,401,0.3571,0.1,0.7,1,0.5393,
1605,401,0.3571,0.1,1,1,0.6143,
1606,402,0.4857,0.1,0.1,1,0.4214,
1607,402,0.4857,0.1,0.4,1,0.4964,
1608,402,0.4857,0.1,0.7,1,0.5714,
1609,402,0.4857,0.1,1,1,0.6464,
1610,403,0.1,0.1,0.1,1,0.325,
1611,403,0.1,0.1,0.4,1,0.4,
1612,403,0.1,0.1,0.7,1,0.475,
1613,403,0.1,0.1,1,1,0.55,
1614,404,0.3571,0.1,0.1,1,0.3893,
1615,404,0.3571,0.1,0.4,1,0.4643,
1616,404,0.3571,0.1,0.7,1,0.5393,
1617,404,0.3571,0.1,1,1,0.6143,
1618,405,0.4857,0.1,0.1,1,0.4214,
1619,405,0.4857,0.1,0.4,1,0.4964,
1620,405,0.4857,0.1,0.7,1,0.5714,
1621,405,0.4857,0.1,1,1,0.6464,
1622,406,0.4857,0.1,0.1,1,0.4214,
1623,406,0.4857,0.1,0.4,1,0.4964,
1624,406,0.4857,0.1,0.7,1,0.5714,
1625,406,0.4857,0.1,1,1,0.6464,
1626,407,0.3571,0.1,0.1,1,0.3893,
1627,407,0.3571,0.1,0.4,1,0.4643,
1628,407,0.3571,0.1,0.7,1,0.5393,
1629,407,0.3571,0.1,1,1,0.6143,
1630,408,0.1,0.25,0.1,1,0.3625,
1631,408,0.1,0.25,0.4,1,0.4375,
1632,408,0.1,0.25,0.7,1,0.5125,
1633,408,0.1,0.25,1,1,0.5875,
1634,409,0.2286,0.1,0.1,1,0.3572,
1635,409,0.2286,0.1,0.4,1,0.4322,
1636,409,0.2286,0.1,0.7,1,0.5072,
1637,409,0.2286,0.1,1,1,0.5822,
1638,410,0.3571,0.1,0.1,1,0.3893,
1639,410,0.3571,0.1,0.4,1,0.4643,
1640,410,0.3571,0.1,0.7,1,0.5393,
1641,410,0.3571,0.1,1,1,0.6143,
1642,411,0.6143,0.1,0.1,1,0.4536,
1643,411,0.6143,0.1,0.4,1,0.5286,
1644,411,0.6143,0.1,0.7,1,0.6036,
1645,411,0.6143,0.1,1,1,0.6786,
1646,412,0.3571,0.1,0.1,1,0.3893,
1647,412,0.3571,0.1,0.4,1,0.4643,
1648,412,0.3571,0.1,0.7,1,0.5393,
1649,412,0.3571,0.1,1,1,0.6143,
1650,413,0.4857,0.1,0.1,1,0.4214,
1651,413,0.4857,0.1,0.4,1,0.4964,
1652,413,0.4857,0.1,0.7,1,0.5714,
1653,413,0.4857,0.1,1,1,0.6464,
1654,414,0.2286,0.1,0.1,1,0.3572,
1655,414,0.2286,0.1,0.4,1,0.4322,
1656,414,0.2286,0.1,0.7,1,0.5072,
1657,414,0.2286,0.1,1,1,0.5822,
1658,415,0.3571,0.1,0.1,1,0.3893,
1659,415,0.3571,0.1,0.4,1,0.4643,
1660,415,0.3571,0.1,0.7,1,0.5393,
1661,415,0.3571,0.1,1,1,0.6143,
1662,416,0.3571,0.1,0.1,1,0.3893,
1663,416,0.3571,0.1,0.4,1,0.4643,
1664,416,0.3571,0.1,0.7,1,0.5393,
1665,416,0.3571,0.1,1,1,0.6143,
1666,417,0.2286,0.1,0.1,1,0.3572,
1667,417,0.2286,0.1,0.4,1,0.4322,
1668,417,0.2286,0.1,0.7,1,0.5072,
1669,417,0.2286,0.1,1,1,0.5822,
1670,418,0.4857,0.1,0.1,1,0.4214,
1671,418,0.4857,0.1,0.4,1,0.4964,
1672,418,0.4857,0.1,0.7,1,0.5714,
1673,418,0.4857,0.1,1,1,0.6464,
1674,419,0.4857,0.1,0.1,1,0.4214,
1675,419,0.4857,0.1,0.4,1,0.4964,
1676,419,0.4857,0.1,0.7,1,0.5714,
1677,420,0.2286,0.1,0.1,1,0.3572,
1678,420,0.2286,0.1,0.4,1,0.4322,
1679,420,0.2286,0.1,0.7,1,0.5072,
1680,420,0.2286,0.1,1,1,0.5822,
1681,421,0.4857,0.1,0.1,1,0.4214,
1682,421,0.4857,0.1,0.4,1,0.4964,
1683,421,0.4857,0.1,0.7,1,0.5714,
1684,421,0.4857,0.1,1,1,0.6464,
1685,422,0.2286,0.1,0.1,1,0.3572,
1686,422,0.2286,0.1,0.4,1,0.4322,
1687,422,0.2286,0.1,0.7,1,0.5072,
1688,422,0.2286,0.1,1,1,0.5822,
1689,423,0.3571,0.1,0.1,1,0.3893,
1690,423,0.3571,0.1,0.4,1,0.4643,
1691,423,0.3571,0.1,0.7,1,0.5393,
1692,423,0.3571,0.1,1,1,0.6143,
1693,424,0.1,0.1,0.1,1,0.325,
1694,424,0.1,0.1,0.4,1,0.4,
1695,424,0.1,0.1,0.7,1,0.475,
1696,424,0.1,0.1,1,1,0.55,
1697,425,0.1,0.25,0.1,1,0.3625,
1698,425,0.1,0.25,0.4,1,0.4375,
1699,425,0.1,0.25,0.7,1,0.5125,
1700,425,0.1,0.25,1,1,0.5875,
1701,426,0.2286,0.4,0.1,1,0.4322,
1702,426,0.2286,0.4,0.4,1,0.5072,
1703,426,0.2286,0.4,0.7,1,0.5822,
1704,426,0.2286,0.4,1,1,0.6572,
1705,427,0.4857,0.1,0.1,1,0.4214,
1706,427,0.4857,0.1,0.4,1,0.4964,
1707,427,0.4857,0.1,0.7,1,0.5714,
1708,427,0.4857,0.1,1,1,0.6464,
1709,428,0.6143,0.1,0.1,1,0.4536,
1710,428,0.6143,0.1,0.4,1,0.5286,
1711,428,0.6143,0.1,0.7,1,0.6036,
1712,428,0.6143,0.1,1,1,0.6786,
1713,429,0.3571,0.1,0.1,1,0.3893,
1714,429,0.3571,0.1,0.4,1,0.4643,
1715,429,0.3571,0.1,0.7,1,0.5393,
1716,429,0.3571,0.1,1,1,0.6143,
1717,430,0.2286,0.1,0.1,1,0.3572,
1718,430,0.2286,0.1,0.4,1,0.4322,
1719,430,0.2286,0.1,0.7,1,0.5072,
1720,430,0.2286,0.1,1,1,0.5822,
1721,431,0.1,0.1,0.1,1,0.325,
1722,431,0.1,0.1,0.4,1,0.4,
1723,431,0.1,0.1,0.7,1,0.475,
1724,431,0.1,0.1,1,1,0.55,
1725,432,0.1,0.1,0.1,1,0.325,
1726,432,0.1,0.1,0.4,1,0.4,
1727,432,0.1,0.1,0.7,1,0.475,
1728,432,0.1,0.1,1,1,0.55,
1729,433,0.1,0.1,0.1,1,0.325,
1730,433,0.1,0.1,0.4,1,0.4,
1731,433,0.1,0.1,0.7,1,0.475,
1732,433,0.1,0.1,1,1,0.55,
1733,434,0.1,0.1,0.1,1,0.325,
1734,434,0.1,0.1,0.4,1,0.4,
1735,434,0.1,0.1,0.7,1,0.475,
1736,434,0.1,0.1,1,1,0.55,
1737,435,0.4857,0.1,0.1,1,0.4214,
1738,435,0.4857,0.1,0.4,1,0.4964,
1739,435,0.4857,0.1,0.7,1,0.5714,
1740,435,0.4857,0.1,1,1,0.6464,
1741,436,0.3571,0.1,0.1,1,0.3893,
1742,436,0.3571,0.1,0.4,1,0.4643,
1743,436,0.3571,0.1,0.7,1,0.5393,
1744,436,0.3571,0.1,1,1,0.6143,
1745,437,0.2286,0.1,0.1,1,0.3572,
1746,437,0.2286,0.1,0.4,1,0.4322,
1747,437,0.2286,0.1,0.7,1,0.5072,
1748,437,0.2286,0.1,1,1,0.5822,
1749,438,0.1,0.1,0.1,1,0.325,
1750,438,0.1,0.1,0.4,1,0.4,
1751,438,0.1,0.1,0.7,1,0.475,
1752,438,0.1,0.1,1,1,0.55,
1753,439,0.1,0.1,0.1,1,0.325,
1754,439,0.1,0.1,0.4,1,0.4,
1755,439,0.1,0.1,0.7,1,0.475,
1756,439,0.1,0.1,1,1,0.55,
1757,440,0.1,0.1,0.1,1,0.325,
1758,440,0.1,0.1,0.4,1,0.4,
1759,440,0.1,0.1,0.7,1,0.475,
1760,440,0.1,0.1,1,1,0.55,
1761,441,0.1,0.1,0.1,1,0.325,
1762,441,0.1,0.1,0.4,1,0.4,
1763,441,0.1,0.1,0.7,1,0.475,
1764,441,0.1,0.1,1,1,0.55,
1765,442,0.6143,0.1,0.1,1,0.4536,
1766,442,0.6143,0.1,0.4,1,0.5286,
1767,442,0.6143,0.1,0.7,1,0.6036,
1768,442,0.6143,0.1,1,1,0.6786,
1769,443,0.4857,0.25,0.1,1,0.4589,
1770,443,0.4857,0.25,0.4,1,0.5339,
1771,443,0.4857,0.25,0.7,1,0.6089,
1772,443,0.4857,0.25,1,1,0.6839,
1773,444,0.1,0.1,0.1,1,0.325,
1774,444,0.1,0.1,0.4,1,0.4,
1775,444,0.1,0.1,0.7,1,0.475,
1776,444,0.1,0.1,1,1,0.55,
1777,445,0.3571,0.1,0.1,1,0.3893,
1778,445,0.3571,0.1,0.4,1,0.4643,
1779,445,0.3571,0.1,0.7,1,0.5393,
1780,445,0.3571,0.1,1,1,0.6143,
1781,446,0.3571,0.1,0.1,1,0.3893,
1782,446,0.3571,0.1,0.4,1,0.4643,
1783,446,0.3571,0.1,0.7,1,0.5393,
1784,446,0.3571,0.1,1,1,0.6143,
1785,447,0.4857,0.1,0.1,1,0.4214,
1786,447,0.4857,0.1,0.4,1,0.4964,
1787,447,0.4857,0.1,0.7,1,0.5714,
1788,447,0.4857,0.1,1,1,0.6464,
1789,448,0.2286,0.1,0.1,1,0.3572,
1790,448,0.2286,0.1,0.4,1,0.4322,
1791,448,0.2286,0.1,0.7,1,0.5072,
1792,448,0.2286,0.1,1,1,0.5822,
1793,449,0.2286,0.1,0.1,1,0.3572,
1794,449,0.2286,0.1,0.4,1,0.4322,
1795,449,0.2286,0.1,0.7,1,0.5072,
1796,449,0.2286,0.1,1,1,0.5822,
1797,450,0.2286,0.1,0.1,1,0.3572,
1798,450,0.2286,0.1,0.4,1,0.4322,
1799,450,0.2286,0.1,0.7,1,0.5072,
1800,450,0.2286,0.1,1,1,0.5822,
1801,451,0.3571,0.1,0.1,1,0.3893,
1802,451,0.3571,0.1,0.4,1,0.4643,
1803,451,0.3571,0.1,0.7,1,0.5393,
1804,451,0.3571,0.1,1,1,0.6143,
1805,452,0.1,0.1,0.1,1,0.325,
1806,452,0.1,0.1,0.4,1,0.4,
1807,452,0.1,0.1,0.7,1,0.475,
1808,452,0.1,0.1,1,1,0.55,
1809,453,0.3571,0.1,0.1,1,0.3893,
1810,453,0.3571,0.1,0.4,1,0.4643,
1811,453,0.3571,0.1,0.7,1,0.5393,
1812,453,0.3571,0.1,1,1,0.6143,
1813,454,0.4857,0.1,0.1,1,0.4214,
1814,454,0.4857,0.1,0.4,1,0.4964,
1815,454,0.4857,0.1,0.7,1,0.5714,
1816,454,0.4857,0.1,1,1,0.6464,
1817,455,0.1,0.25,0.1,1,0.3625,
1818,455,0.1,0.25,0.4,1,0.4375,
1819,455,0.1,0.25,0.7,1,0.5125,
1820,455,0.1,0.25,1,1,0.5875,
1821,456,0.1,0.1,0.1,1,0.325,
1822,456,0.1,0.1,0.4,1,0.4,
1823,456,0.1,0.1,0.7,1,0.475,
1824,456,0.1,0.1,1,1,0.55,
1825,457,0.1,0.1,0.1,1,0.325,
1826,457,0.1,0.1,0.4,1,0.4,
1827,457,0.1,0.1,0.7,1,0.475,
1828,457,0.1,0.1,1,1,0.55,
1829,458,0.2286,0.1,0.1,1,0.3572,
1830,458,0.2286,0.1,0.4,1,0.4322,
1831,458,0.2286,0.1,0.7,1,0.5072,
1832,458,0.2286,0.1,1,1,0.5822,
1833,459,0.3571,0.1,0.1,1,0.3893,
1834,459,0.3571,0.1,0.4,1,0.4643,
1835,459,0.3571,0.1,0.7,1,0.5393,
1836,459,0.3571,0.1,1,1,0.6143,
1837,460,0.1,0.25,0.1,1,0.3625,
1838,460,0.1,0.25,0.4,1,0.4375,
1839,460,0.1,0.25,0.7,1,0.5125,
1840,460,0.1,0.25,1,1,0.5875,
1841,461,0.2286,0.1,0.1,1,0.3572,
1842,461,0.2286,0.1,0.4,1,0.4322,
1843,461,0.2286,0.1,0.7,1,0.5072,
1844,461,0.2286,0.1,1,1,0.5822,
1845,462,0.3571,0.1,0.1,1,0.3893,
1846,462,0.3571,0.1,0.4,1,0.4643,
1847,462,0.3571,0.1,0.7,1,0.5393,
1848,462,0.3571,0.1,1,1,0.6143,
1849,463,0.6143,0.1,0.1,1,0.4536,
1850,463,0.6143,0.1,0.4,1,0.5286,
1851,463,0.6143,0.1,0.7,1,0.6036,
1852,463,0.6143,0.1,1,1,0.6786,
1853,464,0.3571,0.1,0.1,1,0.3893,
1854,464,0.3571,0.1,0.4,1,0.4643,
1855,464,0.3571,0.1,0.7,1,0.5393,
1856,464,0.3571,0.1,1,1,0.6143,
1857,465,0.4857,0.1,0.1,1,0.4214,
1858,465,0.4857,0.1,0.4,1,0.4964,
1859,465,0.4857,0.1,0.7,1,0.5714,
1860,465,0.4857,0.1,1,1,0.6464,
1861,466,0.1,0.25,0.1,1,0.3625,
1862,466,0.1,0.25,0.4,1,0.4375,
1863,466,0.1,0.25,0.7,1,0.5125,
1864,466,0.1,0.25,1,1,0.5875,
1865,467,0.3571,0.1,0.1,1,0.3893,
1866,467,0.3571,0.1,0.4,1,0.4643,
1867,467,0.3571,0.1,0.7,1,0.5393,
1868,467,0.3571,0.1,1,1,0.6143,
1869,468,0.2286,0.1,0.1,1,0.3572,
1870,468,0.2286,0.1,0.4,1,0.4322,
1871,468,0.2286,0.1,0.7,1,0.5072,
1872,468,0.2286,0.1,1,1,0.5822,
1873,469,0.2286,0.1,0.1,1,0.3572,
1874,469,0.2286,0.1,0.4,1,0.4322,
1875,469,0.2286,0.1,0.7,1,0.5072,
1876,469,0.2286,0.1,1,1,0.5822,
1877,470,0.2286,0.1,0.1,1,0.3572,
1878,470,0.2286,0.1,0.4,1,0.4322,
1879,470,0.2286,0.1,0.7,1,0.5072,
1880,470,0.2286,0.1,1,1,0.5822,
1881,471,0.4857,0.1,0.1,1,0.4214,
1882,471,0.4857,0.1,0.4,1,0.4964,
1883,471,0.4857,0.1,0.7,1,0.5714,
1884,471,0.4857,0.1,1,1,0.6464,
1885,472,0.4857,0.1,0.1,1,0.4214,
1886,472,0.4857,0.1,0.4,1,0.4964,
1887,472,0.4857,0.1,0.7,1,0.5714,
1888,473,0.4857,0.1,0.1,1,0.4214,
1889,473,0.4857,0.1,0.4,1,0.4964,
1890,473,0.4857,0.1,0.7,1,0.5714,
1891,473,0.4857,0.1,1,1,0.6464,
1892,474,0.4857,0.1,0.1,1,0.4214,
1893,474,0.4857,0.1,0.4,1,0.4964,
1894,474,0.4857,0.1,0.7,1,0.5714,
1895,474,0.4857,0.1,1,1,0.6464,
1896,475,0.2286,0.1,0.1,1,0.3572,
1897,475,0.2286,0.1,0.4,1,0.4322,
1898,475,0.2286,0.1,0.7,1,0.5072,
1899,475,0.2286,0.1,1,1,0.5822,
1900,476,0.3571,0.1,0.1,1,0.3893,
1901,476,0.3571,0.1,0.4,1,0.4643,
1902,476,0.3571,0.1,0.7,1,0.5393,
1903,476,0.3571,0.1,1,1,0.6143,
1904,477,0.1,0.1,0.1,1,0.325,
1905,477,0.1,0.1,0.4,1,0.4,
1906,477,0.1,0.1,0.7,1,0.475,
1907,477,0.1,0.1,1,1,0.55,
1908,478,0.6143,0.1,0.1,1,0.4536,
1909,478,0.6143,0.1,0.4,1,0.5286,
1910,478,0.6143,0.1,0.7,1,0.6036,
1911,478,0.6143,0.1,1,1,0.6786,
1912,479,0.1,0.25,0.1,1,0.3625,
1913,479,0.1,0.25,0.4,1,0.4375,
1914,479,0.1,0.25,0.7,1,0.5125,
1915,479,0.1,0.25,1,1,0.5875,
1916,480,0.3571,0.1,0.1,1,0.3893,
1917,480,0.3571,0.1,0.4,1,0.4643,
1918,480,0.3571,0.1,0.7,1,0.5393,
1919,480,0.3571,0.1,1,1,0.6143,
1920,481,0.4857,0.1,0.1,1,0.4214,
1921,481,0.4857,0.1,0.4,1,0.4964,
1922,481,0.4857,0.1,0.7,1,0.5714,
1923,481,0.4857,0.1,1,1,0.6464,
1924,482,0.2286,0.4,0.1,1,0.4322,
1925,482,0.2286,0.4,0.4,1,0.5072,
1926,482,0.2286,0.4,0.7,1,0.5822,
1927,482,0.2286,0.4,1,1,0.6572,
1928,483,0.4857,0.1,0.1,1,0.4214,
1929,483,0.4857,0.1,0.4,1,0.4964,
1930,483,0.4857,0.1,0.7,1,0.5714,
1931,483,0.4857,0.1,1,1,0.6464,
1932,484,0.3571,0.1,0.1,1,0.3893,
1933,484,0.3571,0.1,0.4,1,0.4643,
1934,484,0.3571,0.1,0.7,1,0.5393,
1935,484,0.3571,0.1,1,1,0.6143,
1936,485,0.6143,0.4,0.1,1,0.5286,
1937,485,0.6143,0.4,0.4,1,0.6036,
1938,485,0.6143,0.4,0.7,1,0.6786,
1939,485,0.6143,0.4,1,1,0.7536,
1940,486,0.1,0.25,0.1,1,0.3625,
1941,486,0.1,0.25,0.4,1,0.4375,
1942,486,0.1,0.25,0.7,1,0.5125,
1943,487,0.3571,0.4,0.1,1,0.4643,
1944,487,0.3571,0.4,0.4,1,0.5393,
1945,487,0.3571,0.4,0.7,1,0.6143,
1946,487,0.3571,0.4,1,1,0.6893,
1947,488,0.6143,0.55,0.1,1,0.5661,
1948,488,0.6143,0.55,0.4,1,0.6411,
1949,488,0.6143,0.55,0.7,1,0.7161,
1950,488,0.6143,0.55,1,1,0.7911,
1951,489,0.1,0.25,0.1,1,0.3625,
1952,489,0.1,0.25,0.4,1,0.4375,
1953,489,0.1,0.25,0.7,1,0.5125,
1954,489,0.1,0.25,1,1,0.5875,
1955,490,0.3571,0.1,0.1,1,0.3893,
1956,490,0.3571,0.1,0.4,1,0.4643,
1957,490,0.3571,0.1,0.7,1,0.5393,
1958,490,0.3571,0.1,1,1,0.6143,
1959,491,0.3571,0.55,0.1,1,0.5018,
1960,491,0.3571,0.55,0.4,1,0.5768,
1961,491,0.3571,0.55,0.7,1,0.6518,
1962,491,0.3571,0.55,1,1,0.7268,
1963,492,0.4857,0.1,0.1,1,0.4214,
1964,492,0.4857,0.1,0.4,1,0.4964,
1965,492,0.4857,0.1,0.7,1,0.5714,
1966,492,0.4857,0.1,1,1,0.6464,
1967,493,0.3571,0.25,0.1,1,0.4268,
1968,493,0.3571,0.25,0.4,1,0.5018,
1969,493,0.3571,0.25,0.7,1,0.5768,
1970,493,0.3571,0.25,1,1,0.6518,
1971,494,0.4857,0.85,0.1,1,0.6089,
1972,494,0.4857,0.85,0.4,1,0.6839,
1973,494,0.4857,0.85,0.7,1,0.7589,
1974,494,0.4857,0.85,1,1,0.8339,
1975,495,0.2286,0.7,0.1,1,0.5072,
1976,495,0.2286,0.7,0.4,1,0.5822,
1977,495,0.2286,0.7,0.7,1,0.6572,
1978,495,0.2286,0.7,1,1,0.7322,
1979,496,0.2286,0.7,0.1,1,0.5072,
1980,496,0.2286,0.7,0.4,1,0.5822,
1981,496,0.2286,0.7,0.7,1,0.6572,
1982,496,0.2286,0.7,1,1,0.7322,
1983,497,0.2286,0.7,0.1,1,0.5072,
1984,497,0.2286,0.7,0.4,1,0.5822,
1985,497,0.2286,0.7,0.7,1,0.6572,
1986,497,0.2286,0.7,1,1,0.7322,
1987,498,0.2286,0.7,0.1,1,0.5072,
1988,498,0.2286,0.7,0.4,1,0.5822,
1989,498,0.2286,0.7,0.7,1,0.6572,
1990,498,0.2286,0.7,1,1,0.7322,
1991,499,0.2286,0.7,0.1,1,0.5072,
1992,499,0.2286,0.7,0.4,1,0.5822,
1993,499,0.2286,0.7,0.7,1,0.6572,
1994,500,0.2286,0.7,0.1,1,0.5072,
1995,500,0.2286,0.7,0.4,1,0.5822,
1996,500,0.2286,0.7,0.7,1,0.6572,
1997,500,0.2286,0.7,1,1,0.7322,
1998,501,0.6143,1,0.1,1,0.6786,
1999,501,0.6143,1,0.4,1,0.7536,
2000,501,0.6143,1,0.7,1,0.8286,
2001,501,0.6143,1,1,1,0.9036,
2002,502,0.2286,0.7,0.1,1,0.5072,
2003,502,0.2286,0.7,0.4,1,0.5822,
2004,502,0.2286,0.7,0.7,1,0.6572,
2005,502,0.2286,0.7,1,1,0.7322,
2006,503,0.2286,0.7,0.1,1,0.5072,
2007,503,0.2286,0.7,0.4,1,0.5822,
2008,503,0.2286,0.7,0.7,1,0.6572,
2009,503,0.2286,0.7,1,1,0.7322,
2010,504,0.2286,0.7,0.1,1,0.5072,
2011,504,0.2286,0.7,0.4,1,0.5822,
2012,504,0.2286,0.7,0.7,1,0.6572,
2013,504,0.2286,0.7,1,1,0.7322,
2014,505,0.3571,0.7,0.1,1,0.5393,
2015,505,0.3571,0.7,0.4,1,0.6143,
2016,505,0.3571,0.7,0.7,1,0.6893,
2017,505,0.3571,0.7,1,1,0.7643,
2018,506,0.2286,0.7,0.1,1,0.5072,
2019,506,0.2286,0.7,0.4,1,0.5822,
2020,506,0.2286,0.7,0.7,1,0.6572,
2021,506,0.2286,0.7,1,1,0.7322,
2022,507,0.4857,1,0.1,1,0.6464,
2023,507,0.4857,1,0.4,1,0.7214,
2024,507,0.4857,1,0.7,1,0.7964,
2025,508,0.2286,0.4,0.1,1,0.4322,
2026,508,0.2286,0.4,0.4,1,0.5072,
2027,509,0.6143,0.4,0.1,1,0.5286,
2028,509,0.6143,0.4,0.4,1,0.6036,
2029,510,0.7429,0.4,0.1,1,0.5607,
2030,510,0.7429,0.4,0.4,1,0.6357,
2031,510,0.7429,0.4,0.7,1,0.7107,
2032,511,0.1,0.4,0.1,1,0.4,
2033,511,0.1,0.4,0.4,1,0.475,
2034,511,0.1,0.4,0.7,1,0.55,
2035,512,0.3571,0.25,0.1,1,0.4268,
2036,512,0.3571,0.25,0.4,1,0.5018,
2037,512,0.3571,0.25,0.7,1,0.5768,
2038,513,0.1,0.4,0.1,1,0.4,
2039,513,0.1,0.4,0.4,1,0.475,
2040,513,0.1,0.4,0.7,1,0.55,
2041,514,0.4857,0.55,0.1,1,0.5339,
2042,514,0.4857,0.55,0.4,1,0.6089,
2043,514,0.4857,0.55,0.7,1,0.6839,
2044,515,0.1,0.7,0.1,1,0.475,
2045,515,0.1,0.7,0.4,1,0.55,
2046,515,0.1,0.7,0.7,1,0.625,
2047,515,0.1,0.7,1,1,0.7,
2048,516,0.2286,0.55,0.1,1,0.4697,
2049,516,0.2286,0.55,0.4,1,0.5447,
2050,516,0.2286,0.55,0.7,1,0.6196,
2051,517,0.6143,0.55,0.1,1,0.5661,
2052,517,0.6143,0.55,0.4,1,0.6411,
2053,517,0.6143,0.55,0.7,1,0.7161,
2054,517,0.6143,0.55,1,1,0.7911,
2055,518,0.3571,0.4,0.1,1,0.4643,
2056,518,0.3571,0.4,0.4,1,0.5393,
2057,518,0.3571,0.4,0.7,1,0.6143,
2058,518,0.3571,0.4,1,1,0.6893,
2059,519,0.6143,0.55,0.1,1,0.5661,
2060,519,0.6143,0.55,0.4,1,0.6411,
2061,519,0.6143,0.55,0.7,1,0.7161,
2062,519,0.6143,0.55,1,1,0.7911,
2063,520,0.1,0.25,0.1,1,0.3625,
2064,520,0.1,0.25,0.4,1,0.4375,
2065,520,0.1,0.25,0.7,1,0.5125,
2066,520,0.1,0.25,1,1,0.5875,
2067,521,0.1,0.7,0.1,1,0.475,
2068,521,0.1,0.7,0.4,1,0.55,
2069,522,0.2286,0.7,0.1,1,0.5072,
2070,522,0.2286,0.7,0.4,1,0.5822,
2071,522,0.2286,0.7,0.7,1,0.6572,
2072,522,0.2286,0.7,1,1,0.7322,
2073,523,0.1,0.55,0.1,1,0.4375,
2074,523,0.1,0.55,0.4,1,0.5125,
2075,523,0.1,0.55,0.7,1,0.5875,
2076,524,0.2286,0.25,0.1,1,0.3947,
2077,524,0.2286,0.25,0.4,1,0.4696,
2078,524,0.2286,0.25,0.7,1,0.5447,
2079,525,0.1,0.1,0.1,1,0.325,
2080,525,0.1,0.1,0.4,1,0.4,
2081,525,0.1,0.1,0.7,1,0.475,
2082,525,0.1,0.1,1,1,0.55,
2083,526,0.1,0.25,0.1,1,0.3625,
2084,526,0.1,0.25,0.4,1,0.4375,
2085,526,0.1,0.25,0.7,1,0.5125,
2086,526,0.1,0.25,1,1,0.5875,
2087,527,0.2286,0.25,0.1,1,0.3947,
2088,527,0.2286,0.25,0.4,1,0.4696,
2089,527,0.2286,0.25,0.7,1,0.5447,
2090,528,0.1,0.4,0.1,1,0.4,
2091,528,0.1,0.4,0.4,1,0.475,
2092,528,0.1,0.4,0.7,1,0.55,
2093,528,0.1,0.4,1,1,0.625,
2094,529,0.6143,0.4,0.1,1,0.5286,
2095,529,0.6143,0.4,0.4,1,0.6036,
2096,529,0.6143,0.4,0.7,1,0.6786,
2097,529,0.6143,0.4,1,1,0.7536,
2098,530,0.7429,0.55,0.1,1,0.5982,
2099,530,0.7429,0.55,0.4,1,0.6732,
2100,530,0.7429,0.55,0.7,1,0.7482,
2101,531,0.1,0.4,0.1,1,0.4,
2102,531,0.1,0.4,0.4,1,0.475,
2103,531,0.1,0.4,0.7,1,0.55,
2104,532,0.1,0.25,0.1,1,0.3625,
2105,532,0.1,0.25,0.4,1,0.4375,
2106,532,0.1,0.25,0.7,1,0.5125,
2107,533,0.1,0.25,0.1,1,0.3625,
2108,533,0.1,0.25,0.4,1,0.4375,
2109,533,0.1,0.25,0.7,1,0.5125,
2110,534,0.4857,0.4,0.1,1,0.4964,
2111,534,0.4857,0.4,0.4,1,0.5714,
2112,534,0.4857,0.4,0.7,1,0.6464,
2113,535,0.2286,0.25,0.1,1,0.3947,
2114,535,0.2286,0.25,0.4,1,0.4696,
2115,535,0.2286,0.25,0.7,1,0.5447,
2116,535,0.2286,0.25,1,1,0.6196,
2117,536,0.2286,0.25,0.1,1,0.3947,
2118,536,0.2286,0.25,0.4,1,0.4696,
2119,536,0.2286,0.25,0.7,1,0.5447,
2120,536,0.2286,0.25,1,1,0.6196,
2121,537,0.2286,0.4,0.1,1,0.4322,
2122,537,0.2286,0.4,0.4,1,0.5072,
2123,537,0.2286,0.4,0.7,1,0.5822,
2124,538,0.2286,0.55,0.1,1,0.4697,
2125,538,0.2286,0.55,0.4,1,0.5447,
2126,538,0.2286,0.55,0.7,1,0.6196,
2127,539,0.3571,0.1,0.1,1,0.3893,
2128,539,0.3571,0.1,0.4,1,0.4643,
2129,539,0.3571,0.1,0.7,1,0.5393,
2130,539,0.3571,0.1,1,1,0.6143,
2131,540,0.1,0.25,0.1,1,0.3625,
2132,540,0.1,0.25,0.4,1,0.4375,
2133,540,0.1,0.25,0.7,1,0.5125,
2134,540,0.1,0.25,1,1,0.5875,
2135,541,0.1,0.4,0.1,1,0.4,
2136,541,0.1,0.4,0.4,1,0.475,
2137,541,0.1,0.4,0.7,1,0.55,
2138,541,0.1,0.4,1,1,0.625,
2139,542,0.1,0.4,0.1,1,0.4,
2140,542,0.1,0.4,0.4,1,0.475,
2141,542,0.1,0.4,0.7,1,0.55,
2142,542,0.1,0.4,1,1,0.625,
2143,543,0.1,0.55,0.1,1,0.4375,
2144,543,0.1,0.55,0.4,1,0.5125,
2145,543,0.1,0.55,0.7,1,0.5875,
2146,543,0.1,0.55,1,1,0.6625,
2147,544,0.1,0.4,0.1,1,0.4,
2148,544,0.1,0.4,0.4,1,0.475,
2149,544,0.1,0.4,0.7,1,0.55,
2150,544,0.1,0.4,1,1,0.625,
2151,545,0.1,0.55,0.1,1,0.4375,
2152,545,0.1,0.55,0.4,1,0.5125,
2153,545,0.1,0.55,0.7,1,0.5875,
2154,545,0.1,0.55,1,1,0.6625,
2155,546,0.6143,0.4,0.1,1,0.5286,
2156,546,0.6143,0.4,0.4,1,0.6036,
2157,546,0.6143,0.4,0.7,1,0.6786,
2158,546,0.6143,0.4,1,1,0.7536,
2159,547,0.1,0.25,0.1,1,0.3625,
2160,547,0.1,0.25,0.4,1,0.4375,
2161,547,0.1,0.25,0.7,1,0.5125,
2162,547,0.1,0.25,1,1,0.5875,
2163,548,0.6143,0.1,0.1,1,0.4536,
2164,548,0.6143,0.1,0.4,1,0.5286,
2165,548,0.6143,0.1,0.7,1,0.6036,
2166,548,0.6143,0.1,1,1,0.6786,
2167,549,0.4857,0.7,0.1,1,0.5714,
2168,549,0.4857,0.7,0.4,1,0.6464,
2169,549,0.4857,0.7,0.7,1,0.7214,
2170,549,0.4857,0.7,1,1,0.7964,
2171,550,0.1,0.1,0.1,1,0.325,
2172,550,0.1,0.1,0.4,1,0.4,
2173,550,0.1,0.1,0.7,1,0.475,
2174,550,0.1,0.1,1,1,0.55,
2175,551,0.2286,0.1,0.1,1,0.3572,
2176,551,0.2286,0.1,0.4,1,0.4322,
2177,551,0.2286,0.1,0.7,1,0.5072,
2178,551,0.2286,0.1,1,1,0.5822,
2179,552,0.1,0.25,0.1,1,0.3625,
2180,552,0.1,0.25,0.4,1,0.4375,
2181,552,0.1,0.25,0.7,1,0.5125,
2182,552,0.1,0.25,1,1,0.5875,
2183,553,0.2286,0.55,0.1,1,0.4697,
2184,553,0.2286,0.55,0.4,1,0.5447,
2185,553,0.2286,0.55,0.7,1,0.6196,
2186,553,0.2286,0.55,1,1,0.6946,
2187,554,0.1,0.25,0.1,1,0.3625,
2188,554,0.1,0.25,0.4,1,0.4375,
2189,554,0.1,0.25,0.7,1,0.5125,
2190,554,0.1,0.25,1,1,0.5875,
2191,555,0.1,0.7,0.1,1,0.475,
2192,555,0.1,0.7,0.4,1,0.55,
2193,555,0.1,0.7,0.7,1,0.625,
2194,555,0.1,0.7,1,1,0.7,
2195,556,0.6143,0.55,0.1,1,0.5661,
2196,556,0.6143,0.55,0.4,1,0.6411,
2197,556,0.6143,0.55,0.7,1,0.7161,
2198,556,0.6143,0.55,1,1,0.7911,
2199,557,0.3571,0.4,0.1,1,0.4643,
2200,557,0.3571,0.4,0.4,1,0.5393,
2201,557,0.3571,0.4,0.7,1,0.6143,
2202,557,0.3571,0.4,1,1,0.6893,
2203,558,0.1,0.4,0.1,1,0.4,
2204,558,0.1,0.4,0.4,1,0.475,
2205,558,0.1,0.4,0.7,1,0.55,
2206,558,0.1,0.4,1,1,0.625,
2207,559,0.4857,0.1,0.1,1,0.4214,
2208,559,0.4857,0.1,0.4,1,0.4964,
2209,559,0.4857,0.1,0.7,1,0.5714,
2210,559,0.4857,0.1,1,1,0.6464,
2211,560,0.2286,0.25,0.1,1,0.3947,
2212,560,0.2286,0.25,0.4,1,0.4696,
2213,560,0.2286,0.25,0.7,1,0.5447,
2214,560,0.2286,0.25,1,1,0.6196,
2215,561,0.3571,0.25,0.1,1,0.4268,
2216,561,0.3571,0.25,0.4,1,0.5018,
2217,561,0.3571,0.25,0.7,1,0.5768,
2218,561,0.3571,0.25,1,1,0.6518,
2219,562,0.1,0.25,0.1,1,0.3625,
2220,562,0.1,0.25,0.4,1,0.4375,
2221,562,0.1,0.25,0.7,1,0.5125,
2222,562,0.1,0.25,1,1,0.5875,
2223,563,0.1,0.1,0.1,1,0.325,
2224,563,0.1,0.1,0.4,1,0.4,
2225,563,0.1,0.1,0.7,1,0.475,
2226,563,0.1,0.1,1,1,0.55,
2227,564,0.1,0.25,0.1,1,0.3625,
2228,564,0.1,0.25,0.4,1,0.4375,
2229,564,0.1,0.25,0.7,1,0.5125,
2230,564,0.1,0.25,1,1,0.5875,
2231,565,0.1,0.25,0.1,1,0.3625,
2232,565,0.1,0.25,0.4,1,0.4375,
2233,565,0.1,0.25,0.7,1,0.5125,
2234,565,0.1,0.25,1,1,0.5875,
2235,566,0.1,0.25,0.1,1,0.3625,
2236,566,0.1,0.25,0.4,1,0.4375,
2237,566,0.1,0.25,0.7,1,0.5125,
2238,566,0.1,0.25,1,1,0.5875,
2239,567,0.2286,0.25,0.1,1,0.3947,
2240,567,0.2286,0.25,0.4,1,0.4696,
2241,567,0.2286,0.25,0.7,1,0.5447,
2242,567,0.2286,0.25,1,1,0.6196,
2243,568,0.2286,0.25,0.1,1,0.3947,
2244,568,0.2286,0.25,0.4,1,0.4696,
2245,568,0.2286,0.25,0.7,1,0.5447,
2246,568,0.2286,0.25,1,1,0.6196,
2247,569,0.2286,0.25,0.1,1,0.3947,
2248,569,0.2286,0.25,0.4,1,0.4696,
2249,569,0.2286,0.25,0.7,1,0.5447,
2250,569,0.2286,0.25,1,1,0.6196,
2251,570,0.2286,0.4,0.1,1,0.4322,
2252,570,0.2286,0.4,0.4,1,0.5072,
2253,570,0.2286,0.4,0.7,1,0.5822,
2254,570,0.2286,0.4,1,1,0.6572,
2255,571,0.6143,0.4,0.1,1,0.5286,
2256,571,0.6143,0.4,0.4,1,0.6036,
2257,571,0.6143,0.4,0.7,1,0.6786,
2258,571,0.6143,0.4,1,1,0.7536,
2259,572,0.4857,0.7,0.1,1,0.5714,
2260,572,0.4857,0.7,0.4,1,0.6464,
2261,572,0.4857,0.7,0.7,1,0.7214,
2262,572,0.4857,0.7,1,1,0.7964,
2263,573,0.6143,0.25,0.1,1,0.4911,
2264,573,0.6143,0.25,0.4,1,0.5661,
2265,573,0.6143,0.25,0.7,1,0.6411,
2266,573,0.6143,0.25,1,1,0.7161,
2267,574,0.7429,0.4,0.1,1,0.5607,
2268,574,0.7429,0.4,0.4,1,0.6357,
2269,574,0.7429,0.4,0.7,1,0.7107,
2270,574,0.7429,0.4,1,1,0.7857,
2271,575,0.3571,0.25,0.1,1,0.4268,
2272,575,0.3571,0.25,0.4,1,0.5018,
2273,575,0.3571,0.25,0.7,1,0.5768,
2274,575,0.3571,0.25,1,1,0.6518,
2275,576,0.3571,0.25,0.1,1,0.4268,
2276,576,0.3571,0.25,0.4,1,0.5018,
2277,576,0.3571,0.25,0.7,1,0.5768,
2278,576,0.3571,0.25,1,1,0.6518,
2279,577,0.1,0.55,0.1,1,0.4375,
2280,577,0.1,0.55,0.4,1,0.5125,
2281,577,0.1,0.55,0.7,1,0.5875,
2282,577,0.1,0.55,1,1,0.6625,
2283,578,0.1,0.4,0.1,1,0.4,
2284,578,0.1,0.4,0.4,1,0.475,
2285,578,0.1,0.4,0.7,1,0.55,
2286,578,0.1,0.4,1,1,0.625,
2287,579,0.3571,0.55,0.1,1,0.5018,
2288,579,0.3571,0.55,0.4,1,0.5768,
2289,579,0.3571,0.55,0.7,1,0.6518,
2290,579,0.3571,0.55,1,1,0.7268,
2291,580,0.1,0.4,0.1,1,0.4,
2292,580,0.1,0.4,0.4,1,0.475,
2293,580,0.1,0.4,0.7,1,0.55,
2294,580,0.1,0.4,1,1,0.625,
2295,581,0.3571,0.1,0.1,1,0.3893,
2296,581,0.3571,0.1,0.4,1,0.4643,
2297,581,0.3571,0.1,0.7,1,0.5393,
2298,581,0.3571,0.1,1,1,0.6143,
2299,582,0.3571,0.4,0.1,1,0.4643,
2300,582,0.3571,0.4,0.4,1,0.5393,
2301,582,0.3571,0.4,0.7,1,0.6143,
2302,582,0.3571,0.4,1,1,0.6893,
2303,583,0.6143,0.25,0.1,1,0.4911,
2304,583,0.6143,0.25,0.4,1,0.5661,
2305,583,0.6143,0.25,0.7,1,0.6411,
2306,583,0.6143,0.25,1,1,0.7161,
2307,584,0.6143,0.55,0.1,1,0.5661,
2308,584,0.6143,0.55,0.4,1,0.6411,
2309,584,0.6143,0.55,0.7,1,0.7161,
2310,584,0.6143,0.55,1,1,0.7911,
2311,585,0.4857,0.55,0.1,1,0.5339,
2312,585,0.4857,0.55,0.4,1,0.6089,
2313,585,0.4857,0.55,0.7,1,0.6839,
2314,585,0.4857,0.55,1,1,0.7589,
2315,586,0.1,0.25,0.1,1,0.3625,
2316,586,0.1,0.25,0.4,1,0.4375,
2317,586,0.1,0.25,0.7,1,0.5125,
2318,586,0.1,0.25,1,1,0.5875,
2319,587,0.1,0.25,0.1,1,0.3625,
2320,587,0.1,0.25,0.4,1,0.4375,
2321,587,0.1,0.25,0.7,1,0.5125,
2322,587,0.1,0.25,1,1,0.5875,
2323,588,0.1,0.4,0.1,1,0.4,
2324,588,0.1,0.4,0.4,1,0.475,
2325,588,0.1,0.4,0.7,1,0.55,
2326,588,0.1,0.4,1,1,0.625,
2327,589,0.6143,0.25,0.1,1,0.4911,
2328,589,0.6143,0.25,0.4,1,0.5661,
2329,589,0.6143,0.25,0.7,1,0.6411,
2330,589,0.6143,0.25,1,1,0.7161,
2331,590,0.2286,0.55,0.1,1,0.4697,
2332,590,0.2286,0.55,0.4,1,0.5447,
2333,590,0.2286,0.55,0.7,1,0.6196,
2334,590,0.2286,0.55,1,1,0.6946,
2335,591,0.2286,0.7,0.1,1,0.5072,
2336,591,0.2286,0.7,0.4,1,0.5822,
2337,591,0.2286,0.7,0.7,1,0.6572,
2338,591,0.2286,0.7,1,1,0.7322,
2339,592,0.7429,0.7,0.1,1,0.6357,
2340,592,0.7429,0.7,0.4,1,0.7107,
2341,592,0.7429,0.7,0.7,1,0.7857,
2342,592,0.7429,0.7,1,1,0.8607,
2343,593,0.1,0.4,0.1,1,0.4,
2344,593,0.1,0.4,0.4,1,0.475,
2345,593,0.1,0.4,0.7,1,0.55,
2346,593,0.1,0.4,1,1,0.625,
2347,594,0.2286,0.25,0.1,1,0.3947,
2348,594,0.2286,0.25,0.4,1,0.4696,
2349,594,0.2286,0.25,0.7,1,0.5447,
2350,594,0.2286,0.25,1,1,0.6196,
2351,595,0.1,0.1,0.1,1,0.325,
2352,595,0.1,0.1,0.4,1,0.4,
2353,595,0.1,0.1,0.7,1,0.475,
2354,595,0.1,0.1,1,1,0.55,
2355,596,0.1,0.25,0.1,1,0.3625,
2356,596,0.1,0.25,0.4,1,0.4375,
2357,596,0.1,0.25,0.7,1,0.5125,
2358,596,0.1,0.25,1,1,0.5875,
2359,597,0.1,0.55,0.1,1,0.4375,
2360,597,0.1,0.55,0.4,1,0.5125,
2361,597,0.1,0.55,0.7,1,0.5875,
2362,597,0.1,0.55,1,1,0.6625,
2363,598,0.2286,0.25,0.1,1,0.3947,
2364,598,0.2286,0.25,0.4,1,0.4696,
2365,598,0.2286,0.25,0.7,1,0.5447,
2366,598,0.2286,0.25,1,1,0.6196,
2367,599,0.4857,0.25,0.1,1,0.4589,
2368,599,0.4857,0.25,0.4,1,0.5339,
2369,599,0.4857,0.25,0.7,1,0.6089,
2370,599,0.4857,0.25,1,1,0.6839,
2371,600,0.1,0.4,0.1,1,0.4,
2372,600,0.1,0.4,0.4,1,0.475,
2373,600,0.1,0.4,0.7,1,0.55,
2374,600,0.1,0.4,1,1,0.625,
2375,601,0.6143,0.4,0.1,1,0.5286,
2376,601,0.6143,0.4,0.4,1,0.6036,
2377,601,0.6143,0.4,0.7,1,0.6786,
2378,601,0.6143,0.4,1,1,0.7536,
2379,602,0.7429,0.55,0.1,1,0.5982,
2380,602,0.7429,0.55,0.4,1,0.6732,
2381,602,0.7429,0.55,0.7,1,0.7482,
2382,602,0.7429,0.55,1,1,0.8232,
2383,603,0.1,0.4,0.1,1,0.4,
2384,603,0.1,0.4,0.4,1,0.475,
2385,603,0.1,0.4,0.7,1,0.55,
2386,603,0.1,0.4,1,1,0.625,
2387,604,0.6143,0.25,0.1,1,0.4911,
2388,604,0.6143,0.25,0.4,1,0.5661,
2389,604,0.6143,0.25,0.7,1,0.6411,
2390,604,0.6143,0.25,1,1,0.7161,
2391,605,0.1,0.25,0.1,1,0.3625,
2392,605,0.1,0.25,0.4,1,0.4375,
2393,605,0.1,0.25,0.7,1,0.5125,
2394,605,0.1,0.25,1,1,0.5875,
2395,606,0.1,0.25,0.1,1,0.3625,
2396,606,0.1,0.25,0.4,1,0.4375,
2397,606,0.1,0.25,0.7,1,0.5125,
2398,606,0.1,0.25,1,1,0.5875,
2399,607,0.4857,0.4,0.1,1,0.4964,
2400,607,0.4857,0.4,0.4,1,0.5714,
2401,607,0.4857,0.4,0.7,1,0.6464,
2402,608,0.2286,0.7,0.1,1,0.5072,
2403,608,0.2286,0.7,0.4,1,0.5822,
2404,608,0.2286,0.7,0.7,1,0.6572,
2405,608,0.2286,0.7,1,1,0.7322,
2406,609,0.2286,0.25,0.1,1,0.3947,
2407,609,0.2286,0.25,0.4,1,0.4696,
2408,609,0.2286,0.25,0.7,1,0.5447,
2409,609,0.2286,0.25,1,1,0.6196,
2410,610,0.2286,0.25,0.1,1,0.3947,
2411,610,0.2286,0.25,0.4,1,0.4696,
2412,610,0.2286,0.25,0.7,1,0.5447,
2413,610,0.2286,0.25,1,1,0.6196,
2414,611,0.2286,0.25,0.1,1,0.3947,
2415,611,0.2286,0.25,0.4,1,0.4696,
2416,611,0.2286,0.25,0.7,1,0.5447,
2417,611,0.2286,0.25,1,1,0.6196,
2418,612,0.2286,0.25,0.1,1,0.3947,
2419,612,0.2286,0.25,0.4,1,0.4696,
2420,612,0.2286,0.25,0.7,1,0.5447,
2421,612,0.2286,0.25,1,1,0.6196,
2422,613,0.2286,0.4,0.1,1,0.4322,
2423,613,0.2286,0.4,0.4,1,0.5072,
2424,613,0.2286,0.4,0.7,1,0.5822,
2425,613,0.2286,0.4,1,1,0.6572,
2426,614,0.1,0.55,0.1,1,0.4375,
2427,614,0.1,0.55,0.4,1,0.5125,
2428,614,0.1,0.55,0.7,1,0.5875,
2429,614,0.1,0.55,1,1,0.6625,
2430,615,0.6143,0.4,0.1,1,0.5286,
2431,615,0.6143,0.4,0.4,1,0.6036,
2432,615,0.6143,0.4,0.7,1,0.6786,
2433,616,0.1,0.25,0.1,1,0.3625,
2434,616,0.1,0.25,0.4,1,0.4375,
2435,616,0.1,0.25,0.7,1,0.5125,
2436,616,0.1,0.25,1,1,0.5875,
2437,617,0.6143,0.1,0.1,1,0.4536,
2438,617,0.6143,0.1,0.4,1,0.5286,
2439,617,0.6143,0.1,0.7,1,0.6036,
2440,618,0.1,0.1,0.1,1,0.325,
2441,618,0.1,0.1,0.4,1,0.4,
2442,618,0.1,0.1,0.7,1,0.475,
2443,618,0.1,0.1,1,1,0.55,
2444,619,0.1,0.25,0.1,1,0.3625,
2445,619,0.1,0.25,0.4,1,0.4375,
2446,619,0.1,0.25,0.7,1,0.5125,
2447,620,0.1,0.25,0.1,1,0.3625,
2448,620,0.1,0.25,0.4,1,0.4375,
2449,620,0.1,0.25,0.7,1,0.5125,
2450,621,0.1,0.25,0.1,1,0.3625,
2451,621,0.1,0.25,0.4,1,0.4375,
2452,621,0.1,0.25,0.7,1,0.5125,
2453,621,0.1,0.25,1,1,0.5875,
2454,622,0.1,0.7,0.1,1,0.475,
2455,622,0.1,0.7,0.4,1,0.55,
2456,622,0.1,0.7,0.7,1,0.625,
2457,623,0.2286,0.4,0.1,1,0.4322,
2458,623,0.2286,0.4,0.4,1,0.5072,
2459,623,0.2286,0.4,0.7,1,0.5822,
2460,623,0.2286,0.4,1,1,0.6572,
2461,624,0.1,0.25,0.1,1,0.3625,
2462,624,0.1,0.25,0.4,1,0.4375,
2463,624,0.1,0.25,0.7,1,0.5125,
2464,624,0.1,0.25,1,1,0.5875,
2465,625,0.3571,0.25,0.1,1,0.4268,
2466,625,0.3571,0.25,0.4,1,0.5018,
2467,625,0.3571,0.25,0.7,1,0.5768,
2468,625,0.3571,0.25,1,1,0.6518,
2469,626,0.2286,0.4,0.1,1,0.4322,
2470,626,0.2286,0.4,0.4,1,0.5072,
2471,626,0.2286,0.4,0.7,1,0.5822,
2472,626,0.2286,0.4,1,1,0.6572,
2473,627,0.6143,0.4,0.1,1,0.5286,
2474,627,0.6143,0.4,0.4,1,0.6036,
2475,627,0.6143,0.4,0.7,1,0.6786,
2476,627,0.6143,0.4,1,1,0.7536,
2477,628,0.4857,0.7,0.1,1,0.5714,
2478,628,0.4857,0.7,0.4,1,0.6464,
2479,628,0.4857,0.7,0.7,1,0.7214,
2480,628,0.4857,0.7,1,1,0.7964,
2481,629,0.6143,0.25,0.1,1,0.4911,
2482,629,0.6143,0.25,0.4,1,0.5661,
2483,629,0.6143,0.25,0.7,1,0.6411,
2484,630,0.7429,0.4,0.1,1,0.5607,
2485,630,0.7429,0.4,0.4,1,0.6357,
2486,630,0.7429,0.4,0.7,1,0.7107,
2487,630,0.7429,0.4,1,1,0.7857,
2488,631,0.1,0.25,0.1,1,0.3625,
2489,631,0.1,0.25,0.4,1,0.4375,
2490,631,0.1,0.25,0.7,1,0.5125,
2491,631,0.1,0.25,1,1,0.5875,
2492,632,0.3571,0.25,0.1,1,0.4268,
2493,632,0.3571,0.25,0.4,1,0.5018,
2494,632,0.3571,0.25,0.7,1,0.5768,
2495,632,0.3571,0.25,1,1,0.6518,
2496,633,0.1,0.55,0.1,1,0.4375,
2497,633,0.1,0.55,0.4,1,0.5125,
2498,633,0.1,0.55,0.7,1,0.5875,
2499,633,0.1,0.55,1,1,0.6625,
2500,634,0.1,0.4,0.1,1,0.4,
2501,634,0.1,0.4,0.4,1,0.475,
2502,634,0.1,0.4,0.7,1,0.55,
2503,634,0.1,0.4,1,1,0.625,
2504,635,0.3571,0.55,0.1,1,0.5018,
2505,635,0.3571,0.55,0.4,1,0.5768,
2506,635,0.3571,0.55,0.7,1,0.6518,
2507,635,0.3571,0.55,1,1,0.7268,
2508,636,0.1,0.4,0.1,1,0.4,
2509,636,0.1,0.4,0.4,1,0.475,
2510,636,0.1,0.4,0.7,1,0.55,
2511,636,0.1,0.4,1,1,0.625,
2512,637,0.3571,0.4,0.1,1,0.4643,
2513,637,0.3571,0.4,0.4,1,0.5393,
2514,637,0.3571,0.4,0.7,1,0.6143,
2515,637,0.3571,0.4,1,1,0.6893,
2516,638,0.4857,0.55,0.1,1,0.5339,
2517,638,0.4857,0.55,0.4,1,0.6089,
2518,638,0.4857,0.55,0.7,1,0.6839,
2519,638,0.4857,0.55,1,1,0.7589,
2520,639,0.3571,0.1,0.1,1,0.3893,
2521,639,0.3571,0.1,0.4,1,0.4643,
2522,639,0.3571,0.1,0.7,1,0.5393,
2523,639,0.3571,0.1,1,1,0.6143,
2524,640,0.6143,0.25,0.1,1,0.4911,
2525,640,0.6143,0.25,0.4,1,0.5661,
2526,640,0.6143,0.25,0.7,1,0.6411,
2527,640,0.6143,0.25,1,1,0.7161,
2528,641,0.2286,0.7,0.1,1,0.5072,
2529,641,0.2286,0.7,0.4,1,0.5822,
2530,641,0.2286,0.7,0.7,1,0.6572,
2531,641,0.2286,0.7,1,1,0.7322,
2532,642,0.2286,0.55,0.1,1,0.4697,
2533,642,0.2286,0.55,0.4,1,0.5447,
2534,642,0.2286,0.55,0.7,1,0.6196,
2535,642,0.2286,0.55,1,1,0.6946,
2536,643,0.6143,0.25,0.1,1,0.4911,
2537,643,0.6143,0.25,0.4,1,0.5661,
2538,643,0.6143,0.25,0.7,1,0.6411,
2539,643,0.6143,0.25,1,1,0.7161,
2540,644,0.2286,0.55,0.1,1,0.4697,
2541,644,0.2286,0.55,0.4,1,0.5447,
2542,644,0.2286,0.55,0.7,1,0.6196,
2543,644,0.2286,0.55,1,1,0.6946,
2544,645,0.2286,0.25,0.1,1,0.3947,
2545,645,0.2286,0.25,0.4,1,0.4696,
2546,645,0.2286,0.25,0.7,1,0.5447,
2547,645,0.2286,0.25,1,1,0.6196,
2548,646,0.7429,0.7,0.1,1,0.6357,
2549,646,0.7429,0.7,0.4,1,0.7107,
2550,646,0.7429,0.7,0.7,1,0.7857,
2551,646,0.7429,0.7,1,1,0.8607,
2552,647,0.1,0.4,0.1,1,0.4,
2553,647,0.1,0.4,0.4,1,0.475,
2554,647,0.1,0.4,0.7,1,0.55,
2555,647,0.1,0.4,1,1,0.625,
2556,648,0.2286,0.25,0.1,1,0.3947,
2557,648,0.2286,0.25,0.4,1,0.4696,
2558,648,0.2286,0.25,0.7,1,0.5447,
2559,648,0.2286,0.25,1,1,0.6196,
2560,649,0.1,0.55,0.1,1,0.4375,
2561,649,0.1,0.55,0.4,1,0.5125,
2562,649,0.1,0.55,0.7,1,0.5875,
2563,650,0.2286,0.25,0.1,1,0.3947,
2564,650,0.2286,0.25,0.4,1,0.4696,
2565,650,0.2286,0.25,0.7,1,0.5447,
2566,650,0.2286,0.25,1,1,0.6196,
2567,651,0.4857,0.25,0.1,1,0.4589,
2568,651,0.4857,0.25,0.4,1,0.5339,
2569,651,0.4857,0.25,0.7,1,0.6089,
2570,651,0.4857,0.25,1,1,0.6839,
2571,652,0.1,0.4,0.1,1,0.4,
2572,652,0.1,0.4,0.4,1,0.475,
2573,652,0.1,0.4,0.7,1,0.55,
2574,652,0.1,0.4,1,1,0.625,
2575,653,0.6143,0.4,0.1,1,0.5286,
2576,653,0.6143,0.4,0.4,1,0.6036,
2577,653,0.6143,0.4,0.7,1,0.6786,
2578,653,0.6143,0.4,1,1,0.7536,
2579,654,0.7429,0.55,0.1,1,0.5982,
2580,654,0.7429,0.55,0.4,1,0.6732,
2581,654,0.7429,0.55,0.7,1,0.7482,
2582,654,0.7429,0.55,1,1,0.8232,
2583,655,0.1,0.4,0.1,1,0.4,
2584,655,0.1,0.4,0.4,1,0.475,
2585,655,0.1,0.4,0.7,1,0.55,
2586,655,0.1,0.4,1,1,0.625,
2587,656,0.6143,0.25,0.1,1,0.4911,
2588,656,0.6143,0.25,0.4,1,0.5661,
2589,656,0.6143,0.25,0.7,1,0.6411,
2590,656,0.6143,0.25,1,1,0.7161,
2591,657,0.4857,0.7,0.1,1,0.5714,
2592,657,0.4857,0.7,0.4,1,0.6464,
2593,657,0.4857,0.7,0.7,1,0.7214,
2594,657,0.4857,0.7,1,1,0.7964,
2595,658,0.1,0.25,0.1,1,0.3625,
2596,658,0.1,0.25,0.4,1,0.4375,
2597,658,0.1,0.25,0.7,1,0.5125,
2598,659,0.1,0.25,0.1,1,0.3625,
2599,659,0.1,0.25,0.4,1,0.4375,
2600,659,0.1,0.25,0.7,1,0.5125,
2601,659,0.1,0.25,1,1,0.5875,
2602,660,0.1,0.25,0.1,1,0.3625,
2603,660,0.1,0.25,0.4,1,0.4375,
2604,660,0.1,0.25,0.7,1,0.5125,
2605,660,0.1,0.25,1,1,0.5875,
2606,661,0.2286,0.7,0.1,1,0.5072,
2607,661,0.2286,0.7,0.4,1,0.5822,
2608,661,0.2286,0.7,0.7,1,0.6572,
2609,661,0.2286,0.7,1,1,0.7322,
2610,662,0.2286,0.25,0.1,1,0.3947,
2611,662,0.2286,0.25,0.4,1,0.4696,
2612,662,0.2286,0.25,0.7,1,0.5447,
2613,662,0.2286,0.25,1,1,0.6196,
2614,663,0.2286,0.25,0.1,1,0.3947,
2615,663,0.2286,0.25,0.4,1,0.4696,
2616,663,0.2286,0.25,0.7,1,0.5447,
2617,663,0.2286,0.25,1,1,0.6196,
2618,664,0.2286,0.25,0.1,1,0.3947,
2619,664,0.2286,0.25,0.4,1,0.4696,
2620,664,0.2286,0.25,0.7,1,0.5447,
2621,664,0.2286,0.25,1,1,0.6196,
2622,665,0.2286,0.25,0.1,1,0.3947,
2623,665,0.2286,0.25,0.4,1,0.4696,
2624,665,0.2286,0.25,0.7,1,0.5447,
2625,665,0.2286,0.25,1,1,0.6196,
2626,666,0.3571,0.25,0.1,1,0.4268,
2627,666,0.3571,0.25,0.4,1,0.5018,
2628,667,0.4857,0.25,0.1,1,0.4589,
2629,667,0.4857,0.25,0.4,1,0.5339,
2630,668,0.4857,0.25,0.1,1,0.4589,
2631,668,0.4857,0.25,0.4,1,0.5339,
2632,669,1,0.25,0.1,1,0.5875,
2633,669,1,0.25,0.4,1,0.6625,
2634,669,1,0.25,0.7,1,0.7375,
2635,670,0.8714,0.1,0.1,1,0.5178,
2636,670,0.8714,0.1,0.4,1,0.5928,
2637,670,0.8714,0.1,0.7,1,0.6679,
2638,671,0.1,0.4,0.1,1,0.4,
2639,671,0.1,0.4,0.4,1,0.475,
2640,671,0.1,0.4,0.7,1,0.55,
2641,672,0.1,0.55,0.1,1,0.4375,
2642,672,0.1,0.55,0.4,1,0.5125,
2643,672,0.1,0.55,0.7,1,0.5875,
2644,672,0.1,0.55,1,1,0.6625,
2645,673,0.1,0.55,0.1,1,0.4375,
2646,673,0.1,0.55,0.4,1,0.5125,
2647,673,0.1,0.55,0.7,1,0.5875,
2648,673,0.1,0.55,1,1,0.6625,
2649,674,0.3571,0.4,0.1,1,0.4643,
2650,674,0.3571,0.4,0.4,1,0.5393,
2651,674,0.3571,0.4,0.7,1,0.6143,
2652,675,0.1,0.7,0.1,1,0.475,
2653,675,0.1,0.7,0.4,1,0.55,
2654,675,0.1,0.7,0.7,1,0.625,
2655,675,0.1,0.7,1,1,0.7,
2656,676,0.1,0.7,0.1,1,0.475,
2657,676,0.1,0.7,0.4,1,0.55,
2658,676,0.1,0.7,0.7,1,0.625,
2659,676,0.1,0.7,1,1,0.7,
2660,677,0.1,0.7,0.1,1,0.475,
2661,677,0.1,0.7,0.4,1,0.55,
2662,678,0.1,0.7,0.1,1,0.475,
2663,678,0.1,0.7,0.4,1,0.55,
2664,679,0.3571,0.55,0.1,1,0.5018,
2665,679,0.3571,0.55,0.4,1,0.5768,
2666,680,0.1,0.4,0.1,1,0.4,
2667,680,0.1,0.4,0.4,1,0.475,
2668,680,0.1,0.4,0.7,1,0.55,
2669,681,0.1,0.4,0.1,1,0.4,
2670,681,0.1,0.4,0.4,1,0.475,
2671,681,0.1,0.4,0.7,1,0.55,
2672,682,0.1,0.7,0.1,1,0.475,
2673,682,0.1,0.7,0.4,1,0.55,
2674,682,0.1,0.7,0.7,1,0.625,
