0,0.1,0.095,
1,0.175,
2,0.25,
3,0.325,
4,0.1,0.095,
5,0.175,
6,0.25,
7,0.325,
8,0.1,0.095,
9,0.175,
10,0.25,
11,0.325,
12,0.1,0.095,
13,0.175,
14,0.25,
15,0.325,
16,0.1322,
17,0.2072,0.1968,0.1864,
18,0.2822,
19,0.3572,
20,0.1,0.095,
21,0.175,
22,0.25,0.2375,
23,0.325,
24,0.1,0.095,
25,0.175,
26,0.25,
27,0.325,
28,0.1,0.095,
29,0.175,
30,0.25,
31,0.325,
32,0.1,0.095,
33,0.175,
34,0.25,
35,0.325,
36,0.1,0.095,
37,0.175,
38,0.25,
39,0.325,
40,0.1,0.095,
41,0.175,
42,0.25,
43,0.325,
44,0.1,0.095,
45,0.175,
46,0.25,
47,0.325,
48,0.1,0.095,
49,0.175,0.1662,0.1574,0.1486,0.1398,
50,0.25,
51,0.325,
52,0.1,0.095,0.09,
53,0.175,
54,0.25,
55,0.325,
56,0.1,0.095,0.09,
57,0.175,0.1662,
58,0.25,
59,0.325,
60,0.1,0.095,0.09,
61,0.175,
62,0.25,
63,0.325,
64,0.1,0.095,
65,0.175,
66,0.25,
67,0.325,
68,0.1,0.095,
69,0.175,0.1662,
70,0.25,
71,0.325,
72,0.1,0.095,
73,0.175,0.1662,
74,0.25,
75,0.325,
76,0.1,0.095,
77,0.175,0.1662,0.1574,
78,0.25,
79,0.325,
80,0.1964,0.1866,
81,0.2714,
82,0.3464,
83,0.4214,
84,0.1964,
85,0.2714,0.2578,
86,0.3464,
87,0.4214,
88,0.1643,0.1561,0.1479,0.1397,
89,0.2393,
90,0.3143,
91,0.3893,
92,0.1322,
93,0.2072,0.1968,
94,0.2822,
95,0.3572,
96,0.1322,0.1256,
97,0.2072,0.1968,
98,0.2822,
99,0.3572,
100,0.1,0.095,
101,0.175,
102,0.25,
103,0.325,
104,0.1,0.095,
105,0.175,0.1662,0.1574,
106,0.25,
107,0.325,
108,0.1322,
109,0.2072,0.1968,0.1864,
110,0.2822,
111,0.3572,
112,0.1322,
113,0.2072,0.1968,
114,0.2822,
115,0.3572,
116,0.1,0.095,
117,0.175,
118,0.25,
119,0.325,
120,0.1,0.095,
121,0.175,
122,0.25,0.2375,
123,0.325,
124,0.1322,
125,0.2072,0.1968,
126,0.2822,
127,0.3572,
128,0.1,0.095,0.09,
129,0.175,0.1662,
130,0.25,
131,0.325,
132,0.1,0.095,0.09,
133,0.175,0.1662,
134,0.25,
135,0.325,
136,0.2339,
137,0.3089,
138,0.3839,
139,0.4589,
140,0.1,0.095,
141,0.175,
142,0.25,0.2375,
143,0.325,
144,0.1,0.095,0.09,
145,0.175,0.1662,
146,0.25,
147,0.325,
148,0.1643,0.1561,0.1479,0.1397,
149,0.2393,
150,0.3143,
151,0.3893,
152,0.1964,0.1866,
153,0.2714,
154,0.3464,
155,0.4214,
156,0.1643,0.1561,0.1479,0.1397,0.1315,
157,0.2393,
158,0.3143,
159,0.3893,
160,0.1322,
161,0.2072,0.1968,
162,0.2822,
163,0.3572,
164,0.1964,0.1866,
165,0.2714,
166,0.3464,
167,0.4214,
168,0.1964,
169,0.2714,
170,0.3464,
171,0.4214,
172,0.1643,0.1561,0.1479,
173,0.2393,
174,0.3143,
175,0.3893,
176,0.1375,0.1306,
177,0.2125,0.2019,0.1913,
178,0.2875,
179,0.3625,
180,0.2447,
181,0.3197,
182,0.3947,
183,0.4696,
184,0.1643,0.1561,0.1479,
185,0.2393,
186,0.3143,
187,0.3893,
188,0.1643,0.1561,0.1479,0.1397,
189,0.2393,
190,0.3143,
191,0.3893,
192,0.1643,0.1561,0.1479,0.1397,
193,0.2393,0.2273,0.2153,0.2033,
194,0.3143,
195,0.3893,
196,0.1,0.095,
197,0.175,
198,0.25,
199,0.325,
200,0.1,0.095,0.09,
201,0.175,0.1662,
202,0.25,
203,0.325,
204,0.1,0.095,
205,0.175,
206,0.25,
207,0.325,
208,0.1,0.095,0.09,
209,0.175,
210,0.25,
211,0.325,
212,0.1,0.095,
213,0.175,
214,0.25,
215,0.325,
216,0.1,0.095,
217,0.175,
218,0.25,
219,0.325,
220,0.1375,
221,0.2125,0.2019,0.1913,
222,0.2875,
223,0.3625,
224,0.1,0.095,
225,0.175,
226,0.25,
227,0.325,
228,0.1,0.095,
229,0.175,
230,0.25,
231,0.325,
232,0.1,0.095,
233,0.175,
234,0.25,
235,0.325,
236,0.1,0.095,
237,0.175,
238,0.25,
239,0.325,
240,0.1,0.095,
241,0.175,
242,0.25,
243,0.325,
244,0.1,0.095,
245,0.175,
246,0.25,
247,0.325,
248,0.1,0.095,
249,0.175,
250,0.25,
251,0.325,
252,0.1,0.095,
253,0.175,
254,0.25,
255,0.325,
256,0.1,0.095,
257,0.175,
258,0.25,
259,0.325,
260,0.1,0.095,
261,0.175,
262,0.25,
263,0.325,
264,0.1,0.095,
265,0.175,
266,0.25,
267,0.325,
268,0.1,
269,0.175,
270,0.25,0.2375,
271,0.325,
272,0.1,0.095,
273,0.175,
274,0.25,
275,0.325,
276,0.1964,
277,0.2714,0.2578,0.2442,
278,0.3464,
279,0.4214,
280,0.1643,0.1561,0.1479,0.1397,
281,0.2393,
282,0.3143,
283,0.3893,
284,0.1322,
285,0.2072,0.1968,
286,0.2822,
287,0.3572,
288,0.1,0.095,
289,0.175,
290,0.25,
291,0.325,
292,0.1964,0.1866,0.1768,
293,0.2714,
294,0.3464,
295,0.4214,
296,0.1643,0.1561,0.1479,0.1397,
297,0.2393,
298,0.3143,
299,0.3893,
300,0.1,0.095,
301,0.175,0.1662,0.1574,
302,0.25,
303,0.325,
304,0.1375,0.1306,
305,0.2125,0.2019,0.1913,
306,0.2875,
307,0.3625,
308,0.1643,0.1561,0.1479,0.1397,
309,0.2393,
310,0.3143,
311,0.3893,
312,0.1964,0.1866,
313,0.2714,
314,0.3464,
315,0.4214,
316,0.2072,0.1968,0.1864,
317,0.2822,
318,0.3572,
319,0.4322,
320,0.1964,0.1866,0.1768,0.167,
321,0.2714,0.2578,0.2442,
322,0.3464,
323,0.4214,
324,0.1643,0.1561,
325,0.2393,
326,0.3143,
327,0.3893,
328,0.1,0.095,
329,0.175,
330,0.25,0.2375,
331,0.325,
332,0.1,0.095,
333,0.175,
334,0.25,
335,0.325,
336,0.1,0.095,
337,0.175,0.1662,
338,0.25,
339,0.325,
340,0.1,0.095,
341,0.175,
342,0.25,
343,0.325,
344,0.1,0.095,
345,0.175,
346,0.25,
347,0.325,
348,0.1,0.095,
349,0.175,
350,0.25,
351,0.325,
352,0.1,0.095,
353,0.175,
354,0.25,
355,0.325,
356,0.1,0.095,
357,0.175,
358,0.25,
359,0.325,
360,0.1,0.095,
361,0.175,0.1662,
362,0.25,
363,0.325,
364,0.1,0.095,
365,0.175,
366,0.25,
367,0.325,
368,0.1,0.095,
369,0.175,
370,0.25,
371,0.325,
372,0.1,0.095,
373,0.175,
374,0.25,
375,0.325,
376,0.1322,
377,0.2072,0.1968,
378,0.2822,
379,0.3572,
380,0.1964,
381,0.2714,
382,0.3464,
383,0.4214,
384,0.1,0.095,
385,0.175,0.1662,0.1574,
386,0.25,
387,0.325,
388,0.1964,
389,0.2714,
390,0.3464,
391,0.4214,
392,0.1643,0.1561,
393,0.2393,
394,0.3143,
395,0.3893,
396,0.1322,
397,0.2072,0.1968,0.1864,
398,0.2822,
399,0.3572,
400,0.1322,0.1256,
401,0.2072,0.1968,
402,0.2822,
403,0.3572,
404,0.1643,0.1561,0.1479,
405,0.2393,
406,0.3143,
407,0.3893,
408,0.1643,0.1561,0.1479,0.1397,
409,0.2393,
410,0.3143,
411,0.3893,
412,0.1964,0.1866,
413,0.2714,
414,0.3464,
415,0.4214,
416,0.1322,
417,0.2072,0.1968,0.1864,
418,0.2822,
419,0.3572,
420,0.2286,0.2172,0.2058,0.1944,
421,0.3036,
422,0.3786,
423,0.4536,
424,0.1,0.095,
425,0.175,
426,0.25,0.2375,
427,0.325,
428,0.1,0.095,
429,0.175,
430,0.25,
431,0.325,
432,0.1,0.095,
433,0.175,
434,0.25,
435,0.325,
436,0.1,0.095,
437,0.175,
438,0.25,
439,0.325,
440,0.1,0.095,
441,0.175,
442,0.25,
443,0.325,
444,0.1322,
445,0.2072,0.1968,
446,0.2822,
447,0.3572,
448,0.1322,
449,0.2072,0.1968,
450,0.2822,
451,0.3572,
452,0.1964,0.1866,0.1768,
453,0.2714,
454,0.3464,
455,0.4214,
456,0.1643,0.1561,0.1479,0.1397,
457,0.2393,
458,0.3143,
459,0.3893,
460,0.1375,0.1306,
461,0.2125,0.2019,
462,0.2875,
463,0.3625,
464,0.1375,0.1306,
465,0.2125,0.2019,0.1913,
466,0.2875,
467,0.3625,
468,0.1,0.095,
469,0.175,
470,0.25,
471,0.325,
472,0.1,0.095,
473,0.175,
474,0.25,
475,0.325,
476,0.1,0.095,
477,0.175,
478,0.25,
479,0.325,
480,0.1643,0.1561,0.1479,
481,0.2393,
482,0.3143,
483,0.3893,
484,0.1322,0.1256,
485,0.2072,0.1968,
486,0.2822,
487,0.3572,
488,0.2286,
489,0.3036,
490,0.3786,
491,0.4536,
492,0.2286,
493,0.3036,
494,0.3786,
495,0.4536,
496,0.1,0.095,
497,0.175,
498,0.25,
499,0.325,
500,0.1,
501,0.175,0.1662,
502,0.25,
503,0.325,
504,0.1,0.095,
505,0.175,
506,0.25,
507,0.325,
508,0.1,0.095,
509,0.175,
510,0.25,
511,0.325,
512,0.1322,
513,0.2072,
514,0.2822,
515,0.3572,
516,0.1,0.095,
517,0.175,
518,0.25,
519,0.325,
520,0.1,0.095,
521,0.175,
522,0.25,
523,0.325,
524,0.1,0.095,
525,0.175,
526,0.25,0.2375,
527,0.325,
528,0.1,0.095,
529,0.175,
530,0.25,
531,0.325,
532,0.1,0.095,
533,0.175,
534,0.25,
535,0.325,
536,0.1,0.095,
537,0.175,
538,0.25,
539,0.325,
540,0.1,0.095,
541,0.175,
542,0.25,
543,0.325,
544,0.1,
545,0.175,0.1662,
546,0.25,
547,0.325,
548,0.1,0.095,0.09,
549,0.175,
550,0.25,
551,0.325,
552,0.1,0.095,0.09,
553,0.175,0.1662,
554,0.25,
555,0.325,
556,0.1,0.095,
557,0.175,
558,0.25,0.2375,
559,0.325,
560,0.1,0.095,0.09,
561,0.175,0.1662,0.1574,
562,0.25,
563,0.325,
564,0.1,0.095,
565,0.175,
566,0.25,
567,0.325,
568,0.1,0.095,
569,0.175,0.1662,
570,0.25,
571,0.325,
572,0.1,0.095,
573,0.175,
574,0.25,
575,0.325,
576,0.1964,
577,0.2714,0.2578,
578,0.3464,
579,0.4214,
580,0.1964,0.1866,
581,0.2714,
582,0.3464,
583,0.4214,
584,0.1643,0.1561,0.1479,0.1397,
585,0.2393,
586,0.3143,
587,0.3893,
588,0.1322,
589,0.2072,0.1968,
590,0.2822,
591,0.3572,
592,0.1322,
593,0.2072,0.1968,
594,0.2822,
595,0.3572,
596,0.1,0.095,
597,0.175,
598,0.25,
599,0.325,
600,0.1,0.095,
601,0.175,
602,0.25,
603,0.325,
604,0.1322,0.1256,
605,0.2072,
606,0.2822,
607,0.3572,
608,0.1322,
609,0.2072,0.1968,
610,0.2822,
611,0.3572,
612,0.1,0.095,
613,0.175,
614,0.25,0.2375,
615,0.325,
616,0.1,0.095,
617,0.175,
618,0.25,0.2375,
619,0.325,
620,0.1322,0.1256,
621,0.2072,0.1968,
622,0.2822,
623,0.3572,
624,0.1,0.095,
625,0.175,
626,0.25,
627,0.325,
628,0.1,0.095,
629,0.175,
630,0.25,0.2375,
631,0.325,
632,0.2339,
633,0.3089,
634,0.3839,
635,0.4589,
636,0.1,0.095,
637,0.175,
638,0.25,
639,0.325,
640,0.1,0.095,
641,0.175,
642,0.25,
643,0.325,
644,0.1643,0.1561,0.1479,
645,0.2393,
646,0.3143,
647,0.3893,
648,0.1964,
649,0.2714,
650,0.3464,
651,0.4214,
652,0.1643,0.1561,
653,0.2393,0.2273,0.2153,0.2033,
654,0.3143,
655,0.3893,
656,0.1322,0.1256,
657,0.2072,0.1968,
658,0.2822,
659,0.3572,
660,0.1964,0.1866,
661,0.2714,
662,0.3464,
663,0.4214,
664,0.1964,0.1866,
665,0.2714,
666,0.3464,
667,0.4214,
668,0.1643,0.1561,0.1479,0.1397,
669,0.2393,
670,0.3143,
671,0.3893,
672,0.1375,
673,0.2125,0.2019,0.1913,
674,0.2875,
675,0.3625,
676,0.2447,
677,0.3197,
678,0.3947,
679,0.4696,
680,0.1643,0.1561,0.1479,0.1397,0.1315,
681,0.2393,0.2273,
682,0.3143,
683,0.3893,
684,0.1643,0.1561,
685,0.2393,
686,0.3143,
687,0.3893,
688,0.1643,0.1561,0.1479,0.1397,
689,0.2393,
690,0.3143,
691,0.3893,
692,0.1,0.095,
693,0.175,
694,0.25,
695,0.325,
696,0.1,0.095,
697,0.175,
698,0.25,
699,0.325,
700,0.1,0.095,
701,0.175,
702,0.25,
703,0.325,
704,0.1,0.095,
705,0.175,0.1662,
706,0.25,
707,0.325,
708,0.1,0.095,
709,0.175,
710,0.25,
711,0.325,
712,0.1,0.095,
713,0.175,
714,0.25,
715,0.325,
716,0.1375,0.1306,
717,0.2125,
718,0.2875,
719,0.3625,
720,0.1,0.095,
721,0.175,0.1662,0.1574,
722,0.25,
723,0.325,
724,0.1,0.095,
725,0.175,
726,0.25,
727,0.325,
728,0.1,0.095,
729,0.175,
730,0.25,
731,0.325,
732,0.1,0.095,
733,0.175,
734,0.25,
735,0.325,
736,0.1,0.095,
737,0.175,
738,0.25,
739,0.325,
740,0.1,0.095,
741,0.175,
742,0.25,
743,0.325,
744,0.1,0.095,
745,0.175,
746,0.25,
747,0.325,
748,0.1,0.095,
749,0.175,
750,0.25,
751,0.325,
752,0.1,0.095,
753,0.175,
754,0.25,
755,0.325,
756,0.1,0.095,
757,0.175,
758,0.25,
759,0.325,
760,0.1,0.095,
761,0.175,
762,0.25,
763,0.325,
764,0.1,0.095,0.09,
765,0.175,0.1662,0.1574,
766,0.25,
767,0.325,
768,0.1,0.095,
769,0.175,
770,0.25,0.2375,
771,0.325,
772,0.1964,0.1866,0.1768,0.167,
773,0.2714,0.2578,
774,0.3464,
775,0.4214,
776,0.1643,0.1561,
777,0.2393,
778,0.3143,
779,0.3893,
780,0.1322,0.1256,
781,0.2072,0.1968,
782,0.2822,
783,0.3572,
784,0.1,0.095,
785,0.175,
786,0.25,
787,0.325,
788,0.1964,0.1866,
789,0.2714,
790,0.3464,
791,0.4214,
792,0.1643,0.1561,0.1479,
793,0.2393,
794,0.3143,
795,0.3893,
796,0.1,0.095,
797,0.175,
798,0.25,
799,0.325,
800,0.1375,
801,0.2125,0.2019,0.1913,
802,0.2875,
803,0.3625,
804,0.1643,0.1561,0.1479,
805,0.2393,
806,0.3143,
807,0.3893,
808,0.1964,0.1866,0.1768,
809,0.2714,
810,0.3464,
811,0.4214,
812,0.2072,0.1968,0.1864,
813,0.2822,
814,0.3572,
815,0.4322,
816,0.1964,
817,0.2714,0.2578,0.2442,
818,0.3464,
819,0.4214,
820,0.1643,0.1561,0.1479,0.1397,
821,0.2393,
822,0.3143,
823,0.3893,
824,0.1,0.095,
825,0.175,
826,0.25,
827,0.325,
828,0.1,0.095,
829,0.175,
830,0.25,
831,0.325,
832,0.1,0.095,
833,0.175,0.1662,0.1574,
834,0.25,0.2375,
835,0.325,
836,0.1,0.095,
837,0.175,
838,0.25,
839,0.325,
840,0.1,0.095,
841,0.175,
842,0.25,
843,0.325,
844,0.1,0.095,
845,0.175,
846,0.25,
847,0.325,
848,0.1,0.095,
849,0.175,
850,0.25,
851,0.325,
852,0.1,0.095,
853,0.175,
854,0.25,
855,0.325,
856,0.1,0.095,0.09,
857,0.175,0.1662,
858,0.25,
859,0.325,
860,0.1,0.095,
861,0.175,0.1662,0.1574,
862,0.25,
863,0.325,
864,0.1,0.095,
865,0.175,
866,0.25,
867,0.325,
868,0.1,0.095,
869,0.175,
870,0.25,
871,0.325,
872,0.1322,0.1256,
873,0.2072,0.1968,
874,0.2822,
875,0.3572,
876,0.1964,0.1866,
877,0.2714,
878,0.3464,
879,0.4214,
880,0.1,0.095,
881,0.175,
882,0.25,
883,0.325,
884,0.1964,0.1866,0.1768,
885,0.2714,
886,0.3464,
887,0.4214,
888,0.1643,0.1561,0.1479,
889,0.2393,
890,0.3143,
891,0.3893,
892,0.1322,0.1256,
893,0.2072,0.1968,
894,0.2822,
895,0.3572,
896,0.1322,
897,0.2072,0.1968,0.1864,
898,0.2822,
899,0.3572,
900,0.1643,0.1561,0.1479,0.1397,
901,0.2393,
902,0.3143,
903,0.3893,
904,0.1643,0.1561,0.1479,
905,0.2393,
906,0.3143,
907,0.3893,
908,0.1964,0.1866,
909,0.2714,
910,0.3464,
911,0.4214,
912,0.1322,
913,0.2072,0.1968,
914,0.2822,
915,0.3572,
916,0.2286,
917,0.3036,
918,0.3786,
919,0.4536,
920,0.1,0.095,
921,0.175,
922,0.25,
923,0.325,
924,0.1,0.095,
925,0.175,
926,0.25,
927,0.325,
928,0.1,0.095,
929,0.175,
930,0.25,
931,0.325,
932,0.1,0.095,
933,0.175,0.1662,0.1574,
934,0.25,
935,0.325,
936,0.1,0.095,
937,0.175,
938,0.25,
939,0.325,
940,0.1322,0.1256,
941,0.2072,0.1968,
942,0.2822,
943,0.3572,
944,0.1322,
945,0.2072,0.1968,
946,0.2822,
947,0.3572,
948,0.1964,
949,0.2714,
950,0.3464,
951,0.4214,
952,0.1643,0.1561,0.1479,0.1397,
953,0.2393,
954,0.3143,
955,0.3893,
956,0.1375,0.1306,
957,0.2125,0.2019,0.1913,
958,0.2875,
959,0.3625,
960,0.1375,0.1306,
961,0.2125,0.2019,0.1913,
962,0.2875,0.2731,0.2587,
963,0.3625,
964,0.1,0.095,
965,0.175,
966,0.25,
967,0.325,
968,0.1375,0.1306,
969,0.2125,0.2019,0.1913,
970,0.2875,
971,0.3625,
972,0.1,0.095,0.09,
973,0.175,
974,0.25,
975,0.325,
976,0.1,0.095,
977,0.175,
978,0.25,0.2375,
979,0.325,
980,0.1,0.095,
981,0.175,
982,0.25,
983,0.325,
984,0.1,0.095,
985,0.175,
986,0.25,0.2375,
987,0.325,
988,0.1,0.095,
989,0.175,0.1662,
990,0.25,
991,0.325,
992,0.1,0.095,
993,0.175,0.1662,
994,0.25,
995,0.325,
996,0.1,0.095,
997,0.175,0.1662,
998,0.25,
999,0.325,
1000,0.1964,0.1866,
1001,0.2714,
1002,0.3464,
1003,0.4214,
1004,0.1322,0.1256,
1005,0.2072,0.1968,
1006,0.2822,
1007,0.3572,
1008,0.1964,0.1866,
1009,0.2714,0.2578,0.2442,
1010,0.3464,
1011,0.4214,
1012,0.1322,0.1256,
1013,0.2072,0.1968,
1014,0.2822,0.2681,0.254,
1015,0.3572,
1016,0.1643,0.1561,0.1479,0.1397,
1017,0.2393,
1018,0.3143,
1019,0.3893,
1020,0.1964,0.1866,
1021,0.2714,
1022,0.3464,
1023,0.4214,
1024,0.1964,0.1866,
1025,0.2714,
1026,0.3464,
1027,0.4214,
1028,0.1322,0.1256,
1029,0.2072,0.1968,
1030,0.2822,
1031,0.3572,
1032,0.1,0.095,
1033,0.175,
1034,0.25,
1035,0.325,
1036,0.1375,0.1306,
1037,0.2125,0.2019,0.1913,
1038,0.2875,
1039,0.3625,
1040,0.1375,0.1306,
1041,0.2125,0.2019,0.1913,
1042,0.2875,
1043,0.3625,
1044,0.1964,0.1866,
1045,0.2714,
1046,0.3464,
1047,0.4214,
1048,0.1964,0.1866,
1049,0.2714,0.2578,0.2442,
1050,0.3464,
1051,0.4214,
1052,0.1322,0.1256,
1053,0.2072,0.1968,
1054,0.2822,
1055,0.3572,
1056,0.2286,0.2172,0.2058,0.1944,
1057,0.3036,
1058,0.3786,
1059,0.4536,
1060,0.1643,0.1561,0.1479,0.1397,
1061,0.2393,
1062,0.3143,
1063,0.3893,
1064,0.1643,0.1561,0.1479,0.1397,
1065,0.2393,
1066,0.3143,
1067,0.3893,
1068,0.1964,
1069,0.2714,0.2578,
1070,0.3464,
1071,0.4214,
1072,0.1964,0.1866,0.1768,0.167,
1073,0.2714,
1074,0.3464,
1075,0.4214,
1076,0.1,0.095,
1077,0.175,
1078,0.25,
1079,0.325,
1080,0.1964,0.1866,0.1768,
1081,0.2714,
1082,0.3464,
1083,0.4214,
1084,0.1322,
1085,0.2072,0.1968,
1086,0.2822,
1087,0.3572,
1088,0.1322,
1089,0.2072,0.1968,0.1864,
1090,0.2822,
1091,0.3572,
1092,0.1643,0.1561,
1093,0.2393,
1094,0.3143,
1095,0.3893,
1096,0.1643,0.1561,
1097,0.2393,
1098,0.3143,
1099,0.3893,
1100,0.1322,
1101,0.2072,0.1968,
1102,0.2822,
1103,0.3572,
1104,0.1,0.095,0.09,
1105,0.175,
1106,0.25,
1107,0.325,
1108,0.1643,0.1561,0.1479,0.1397,
1109,0.2393,
1110,0.3143,
1111,0.3893,
1112,0.1,0.095,
1113,0.175,
1114,0.25,
1115,0.1964,
1116,0.2714,0.2578,0.2442,
1117,0.3464,
1118,0.4214,
1119,0.1322,0.1256,
1120,0.2072,0.1968,
1121,0.2822,
1122,0.3572,
1123,0.1643,0.1561,
1124,0.2393,
1125,0.3143,
1126,0.3893,
1127,0.2339,
1128,0.3089,
1129,0.3839,
1130,0.4589,
1131,0.1643,0.1561,0.1479,0.1397,
1132,0.2393,
1133,0.3143,
1134,0.3893,
1135,0.1643,0.1561,0.1479,0.1397,
1136,0.2393,
1137,0.3143,
1138,0.3893,
1139,0.1964,0.1866,0.1768,
1140,0.2714,
1141,0.3464,
1142,0.4214,
1143,0.1643,0.1561,
1144,0.2393,
1145,0.3143,
1146,0.3893,
1147,0.2447,
1148,0.3197,
1149,0.3947,
1150,0.4696,
1151,0.1643,0.1561,
1152,0.2393,
1153,0.3143,
1154,0.3893,
1155,0.2286,
1156,0.3036,
1157,0.3786,
1158,0.4536,
1159,0.1643,0.1561,
1160,0.2393,
1161,0.3143,
1162,0.3893,
1163,0.1643,0.1561,0.1479,0.1397,
1164,0.2393,
1165,0.3143,
1166,0.3893,
1167,0.1375,0.1306,
1168,0.2125,0.2019,0.1913,
1169,0.2875,
1170,0.3625,
1171,0.1322,
1172,0.2072,0.1968,0.1864,
1173,0.2822,
1174,0.3572,
1175,0.1964,0.1866,
1176,0.2714,
1177,0.3464,
1178,0.4214,
1179,0.1322,0.1256,
1180,0.2072,0.1968,
1181,0.2822,
1182,0.3572,
1183,0.1643,0.1561,0.1479,0.1397,0.1315,
1184,0.2393,
1185,0.3143,
1186,0.3893,
1187,0.1322,
1188,0.2072,0.1968,
1189,0.2822,
1190,0.3572,
1191,0.1322,0.1256,
1192,0.2072,0.1968,
1193,0.2822,
1194,0.3572,
1195,0.1643,0.1561,0.1479,0.1397,
1196,0.2393,
1197,0.3143,
1198,0.3893,
1199,0.1964,0.1866,0.1768,
1200,0.2714,
1201,0.3464,
1202,0.4214,
1203,0.1322,
1204,0.2072,0.1968,
1205,0.2822,
1206,0.3572,
1207,0.2072,0.1968,0.1864,
1208,0.2822,
1209,0.3572,
1210,0.4322,
1211,0.1322,
1212,0.2072,0.1968,0.1864,
1213,0.2822,
1214,0.3572,
1215,0.1643,0.1561,0.1479,0.1397,
1216,0.2393,
1217,0.3143,
1218,0.3893,
1219,0.1,0.095,
1220,0.175,
1221,0.25,
1222,0.325,
1223,0.2286,
1224,0.3036,
1225,0.3786,
1226,0.4536,
1227,0.1375,0.1306,
1228,0.2125,0.2019,0.1913,
1229,0.2875,
1230,0.3625,
1231,0.1643,0.1561,0.1479,
1232,0.2393,
1233,0.3143,
1234,0.3893,
1235,0.1,0.095,
1236,0.175,0.1662,
1237,0.25,
1238,0.325,
1239,0.1,0.095,
1240,0.175,
1241,0.25,
1242,0.325,
1243,0.1643,0.1561,0.1479,0.1397,
1244,0.2393,
1245,0.3143,
1246,0.3893,
1247,0.3572,
1248,0.4322,
1249,0.5072,
1250,0.5822,
1251,0.325,
1252,0.4,
1253,0.475,
1254,0.55,
1255,0.325,
1256,0.4,
1257,0.475,
1258,0.55,
1259,0.325,
1260,0.4,
1261,0.475,
1262,0.55,
1263,0.325,
1264,0.4,
1265,0.475,
1266,0.55,
1267,0.325,
1268,0.4,
1269,0.475,
1270,0.55,
1271,0.325,
1272,0.4,
1273,0.475,
1274,0.55,
1275,0.325,
1276,0.4,
1277,0.475,
1278,0.55,
1279,0.4214,
1280,0.4964,
1281,0.5714,
1282,0.6464,
1283,0.3572,
1284,0.4322,
1285,0.5072,
1286,0.5822,
1287,0.4214,
1288,0.4964,
1289,0.5714,
1290,0.6464,
1291,0.4214,
1292,0.4964,
1293,0.5714,
1294,0.6464,
1295,0.3893,
1296,0.4643,
1297,0.5393,
1298,0.6143,
1299,0.3572,
1300,0.4322,
1301,0.5072,
1302,0.5822,
1303,0.4214,
1304,0.4964,
1305,0.5714,
1306,0.6464,
1307,0.325,
1308,0.4,
1309,0.475,
1310,0.55,
1311,0.325,
1312,0.4,
1313,0.475,
1314,0.55,
1315,0.3572,
1316,0.4322,
1317,0.5072,
1318,0.5822,
1319,0.3625,
1320,0.4375,
1321,0.5125,
1322,0.5875,
1323,0.3625,
1324,0.4375,
1325,0.5125,
1326,0.5875,
1327,0.4214,
1328,0.4964,
1329,0.5714,
1330,0.6464,
1331,0.4214,
1332,0.4964,
1333,0.5714,
1334,0.6464,
1335,0.3893,
1336,0.4643,
1337,0.5393,
1338,0.6143,
1339,0.325,
1340,0.4,
1341,0.475,
1342,0.55,
1343,0.3572,
1344,0.4322,
1345,0.5072,
1346,0.5822,
1347,0.4589,
1348,0.5339,
1349,0.6089,
1350,0.6839,
1351,0.3893,
1352,0.4643,
1353,0.5393,
1354,0.6143,
1355,0.3572,
1356,0.4322,
1357,0.5072,
1358,0.5822,
1359,0.3893,
1360,0.4643,
1361,0.5393,
1362,0.6143,
1363,0.325,
1364,0.4,
1365,0.475,
1366,0.55,
1367,0.325,
1368,0.4,
1369,0.475,
1370,0.3572,
1371,0.4322,
1372,0.5072,
1373,0.5822,
1374,0.325,
1375,0.4,
1376,0.475,
1377,0.55,
1378,0.3893,
1379,0.4643,
1380,0.5393,
1381,0.6143,
1382,0.3893,
1383,0.4643,
1384,0.5393,
1385,0.6143,
1386,0.3625,
1387,0.4375,
1388,0.5125,
1389,0.5875,
1390,0.4214,
1391,0.4964,
1392,0.5714,
1393,0.6464,
1394,0.3893,
1395,0.4643,
1396,0.5393,
1397,0.6143,
1398,0.3893,
1399,0.4643,
1400,0.5393,
1401,0.6143,
1402,0.3893,
1403,0.4643,
1404,0.5393,
1405,0.6143,
1406,0.4214,
1407,0.4964,
1408,0.5714,
1409,0.6464,
1410,0.3572,
1411,0.4322,
1412,0.5072,
1413,0.5822,
1414,0.4214,
1415,0.4964,
1416,0.5714,
1417,0.6464,
1418,0.3893,
1419,0.4643,
1420,0.5393,
1421,0.6143,
1422,0.3625,
1423,0.4375,
1424,0.5125,
1425,0.5875,
1426,0.3572,
1427,0.4322,
1428,0.5072,
1429,0.5822,
1430,0.4697,
1431,0.5447,
1432,0.6196,
1433,0.6946,
1434,0.3893,
1435,0.4643,
1436,0.5393,
1437,0.6143,
1438,0.3893,
1439,0.4643,
1440,0.5393,
1441,0.6143,
1442,0.4536,
1443,0.5286,
1444,0.6036,
1445,0.6786,
1446,0.3893,
1447,0.4643,
1448,0.5393,
1449,0.6143,
1450,0.4214,
1451,0.4964,
1452,0.5714,
1453,0.6464,
1454,0.3893,
1455,0.4643,
1456,0.5393,
1457,0.6143,
1458,0.3893,
1459,0.4643,
1460,0.5393,
1461,0.6143,
1462,0.3572,
1463,0.4322,
1464,0.5072,
1465,0.5822,
1466,0.3572,
1467,0.4322,
1468,0.5072,
1469,0.5822,
1470,0.3572,
1471,0.4322,
1472,0.5072,
1473,0.5822,
1474,0.4214,
1475,0.4964,
1476,0.5714,
1477,0.6464,
1478,0.3572,
1479,0.4322,
1480,0.5072,
1481,0.5822,
1482,0.4214,
1483,0.4964,
1484,0.5714,
1485,0.6464,
1486,0.3572,
1487,0.4322,
1488,0.5072,
1489,0.5822,
1490,0.3893,
1491,0.4643,
1492,0.5393,
1493,0.6143,
1494,0.325,
1495,0.4,
1496,0.475,
1497,0.55,
1498,0.4536,
1499,0.5286,
1500,0.6036,
1501,0.6786,
1502,0.3625,
1503,0.4375,
1504,0.5125,
1505,0.5875,
1506,0.3893,
1507,0.4643,
1508,0.5393,
1509,0.6143,
1510,0.4214,
1511,0.4964,
1512,0.5714,
1513,0.6464,
1514,0.4322,
1515,0.5072,
1516,0.5822,
1517,0.6572,
1518,0.4536,
1519,0.5286,
1520,0.6036,
1521,0.6786,
1522,0.3893,
1523,0.4643,
1524,0.5393,
1525,0.6143,
1526,0.325,
1527,0.4,
1528,0.475,
1529,0.55,
1530,0.325,
1531,0.4,
1532,0.475,
1533,0.55,
1534,0.325,
1535,0.4,
1536,0.475,
1537,0.55,
1538,0.4214,
1539,0.4964,
1540,0.5714,
1541,0.6464,
1542,0.3625,
1543,0.4375,
1544,0.5125,
1545,0.5875,
1546,0.3625,
1547,0.4375,
1548,0.5125,
1549,0.5875,
1550,0.4214,
1551,0.4964,
1552,0.5714,
1553,0.6464,
1554,0.325,
1555,0.4,
1556,0.475,
1557,0.55,
1558,0.3625,
1559,0.4375,
1560,0.5125,
1561,0.5875,
1562,0.325,
1563,0.4,
1564,0.475,
1565,0.55,
1566,0.3572,
1567,0.4322,
1568,0.5072,
1569,0.5822,
1570,0.4589,
1571,0.5339,
1572,0.6089,
1573,0.6839,
1574,0.3893,
1575,0.4643,
1576,0.5393,
1577,0.6143,
1578,0.3893,
1579,0.4643,
1580,0.5393,
1581,0.6143,
1582,0.3572,
1583,0.4322,
1584,0.5072,
1585,0.5822,
1586,0.3893,
1587,0.4643,
1588,0.5393,
1589,0.6143,
1590,0.3572,
1591,0.4322,
1592,0.5072,
1593,0.5822,
1594,0.325,
1595,0.4,
1596,0.475,
1597,0.55,
1598,0.3893,
1599,0.4643,
1600,0.5393,
1601,0.6143,
1602,0.3893,
1603,0.4643,
1604,0.5393,
1605,0.6143,
1606,0.4214,
1607,0.4964,
1608,0.5714,
1609,0.6464,
1610,0.325,
1611,0.4,
1612,0.475,
1613,0.55,
1614,0.3893,
1615,0.4643,
1616,0.5393,
1617,0.6143,
1618,0.4214,
1619,0.4964,
1620,0.5714,
1621,0.6464,
1622,0.4214,
1623,0.4964,
1624,0.5714,
1625,0.6464,
1626,0.3893,
1627,0.4643,
1628,0.5393,
1629,0.6143,
1630,0.3625,
1631,0.4375,
1632,0.5125,
1633,0.5875,
1634,0.3572,
1635,0.4322,
1636,0.5072,
1637,0.5822,
1638,0.3893,
1639,0.4643,
1640,0.5393,
1641,0.6143,
1642,0.4536,
1643,0.5286,
1644,0.6036,
1645,0.6786,
1646,0.3893,
1647,0.4643,
1648,0.5393,
1649,0.6143,
1650,0.4214,
1651,0.4964,
1652,0.5714,
1653,0.6464,
1654,0.3572,
1655,0.4322,
1656,0.5072,
1657,0.5822,
1658,0.3893,
1659,0.4643,
1660,0.5393,
1661,0.6143,
1662,0.3893,
1663,0.4643,
1664,0.5393,
1665,0.6143,
1666,0.3572,
1667,0.4322,
1668,0.5072,
1669,0.5822,
1670,0.4214,
1671,0.4964,
1672,0.5714,
1673,0.6464,
1674,0.4214,
1675,0.4964,
1676,0.5714,
1677,0.3572,
1678,0.4322,
1679,0.5072,
1680,0.5822,
1681,0.4214,
1682,0.4964,
1683,0.5714,
1684,0.6464,
1685,0.3572,
1686,0.4322,
1687,0.5072,
1688,0.5822,
1689,0.3893,
1690,0.4643,
1691,0.5393,
1692,0.6143,
1693,0.325,
1694,0.4,
1695,0.475,
1696,0.55,
1697,0.3625,
1698,0.4375,
1699,0.5125,
1700,0.5875,
1701,0.4322,
1702,0.5072,
1703,0.5822,
1704,0.6572,
1705,0.4214,
1706,0.4964,
1707,0.5714,
1708,0.6464,
1709,0.4536,
1710,0.5286,
1711,0.6036,
1712,0.6786,
1713,0.3893,
1714,0.4643,
1715,0.5393,
1716,0.6143,
1717,0.3572,
1718,0.4322,
1719,0.5072,
1720,0.5822,
1721,0.325,
1722,0.4,
1723,0.475,
1724,0.55,
1725,0.325,
1726,0.4,
1727,0.475,
1728,0.55,
1729,0.325,
1730,0.4,
1731,0.475,
1732,0.55,
1733,0.325,
1734,0.4,
1735,0.475,
1736,0.55,
1737,0.4214,
1738,0.4964,
1739,0.5714,
1740,0.6464,
1741,0.3893,
1742,0.4643,
1743,0.5393,
1744,0.6143,
1745,0.3572,
1746,0.4322,
1747,0.5072,
1748,0.5822,
1749,0.325,
1750,0.4,
1751,0.475,
1752,0.55,
1753,0.325,
1754,0.4,
1755,0.475,
1756,0.55,
1757,0.325,
1758,0.4,
1759,0.475,
1760,0.55,
1761,0.325,
1762,0.4,
1763,0.475,
1764,0.55,
1765,0.4536,
1766,0.5286,
1767,0.6036,
1768,0.6786,
1769,0.4589,
1770,0.5339,
1771,0.6089,
1772,0.6839,
1773,0.325,
1774,0.4,
1775,0.475,
1776,0.55,
1777,0.3893,
1778,0.4643,
1779,0.5393,
1780,0.6143,
1781,0.3893,
1782,0.4643,
1783,0.5393,
1784,0.6143,
1785,0.4214,
1786,0.4964,
1787,0.5714,
1788,0.6464,
1789,0.3572,
1790,0.4322,
1791,0.5072,
1792,0.5822,
1793,0.3572,
1794,0.4322,
1795,0.5072,
1796,0.5822,
1797,0.3572,
1798,0.4322,
1799,0.5072,
1800,0.5822,
1801,0.3893,
1802,0.4643,
1803,0.5393,
1804,0.6143,
1805,0.325,
1806,0.4,
1807,0.475,
1808,0.55,
1809,0.3893,
1810,0.4643,
1811,0.5393,
1812,0.6143,
1813,0.4214,
1814,0.4964,
1815,0.5714,
1816,0.6464,
1817,0.3625,
1818,0.4375,
1819,0.5125,
1820,0.5875,
1821,0.325,
1822,0.4,
1823,0.475,
1824,0.55,
1825,0.325,
1826,0.4,
1827,0.475,
1828,0.55,
1829,0.3572,
1830,0.4322,
1831,0.5072,
1832,0.5822,
1833,0.3893,
1834,0.4643,
1835,0.5393,
1836,0.6143,
1837,0.3625,
1838,0.4375,
1839,0.5125,
1840,0.5875,
1841,0.3572,
1842,0.4322,
1843,0.5072,
1844,0.5822,
1845,0.3893,
1846,0.4643,
1847,0.5393,
1848,0.6143,
1849,0.4536,
1850,0.5286,
1851,0.6036,
1852,0.6786,
1853,0.3893,
1854,0.4643,
1855,0.5393,
1856,0.6143,
1857,0.4214,
1858,0.4964,
1859,0.5714,
1860,0.6464,
1861,0.3625,
1862,0.4375,
1863,0.5125,
1864,0.5875,
1865,0.3893,
1866,0.4643,
1867,0.5393,
1868,0.6143,
1869,0.3572,
1870,0.4322,
1871,0.5072,
1872,0.5822,
1873,0.3572,
1874,0.4322,
1875,0.5072,
1876,0.5822,
1877,0.3572,
1878,0.4322,
1879,0.5072,
1880,0.5822,
1881,0.4214,
1882,0.4964,
1883,0.5714,
1884,0.6464,
1885,0.4214,
1886,0.4964,
1887,0.5714,
1888,0.4214,
1889,0.4964,
1890,0.5714,
1891,0.6464,
1892,0.4214,
1893,0.4964,
1894,0.5714,
1895,0.6464,
1896,0.3572,
1897,0.4322,
1898,0.5072,
1899,0.5822,
1900,0.3893,
1901,0.4643,
1902,0.5393,
1903,0.6143,
1904,0.325,
1905,0.4,
1906,0.475,
1907,0.55,
1908,0.4536,
1909,0.5286,
1910,0.6036,
1911,0.6786,
1912,0.3625,
1913,0.4375,
1914,0.5125,
1915,0.5875,
1916,0.3893,
1917,0.4643,
1918,0.5393,
1919,0.6143,
1920,0.4214,
1921,0.4964,
1922,0.5714,
1923,0.6464,
1924,0.4322,
1925,0.5072,
1926,0.5822,
1927,0.6572,
1928,0.4214,
1929,0.4964,
1930,0.5714,
1931,0.6464,
1932,0.3893,
1933,0.4643,
1934,0.5393,
1935,0.6143,
1936,0.5286,
1937,0.6036,
1938,0.6786,
1939,0.7536,
1940,0.3625,
1941,0.4375,
1942,0.5125,
1943,0.4643,
1944,0.5393,
1945,0.6143,
1946,0.6893,
1947,0.5661,
1948,0.6411,
1949,0.7161,
1950,0.7911,
1951,0.3625,
1952,0.4375,
1953,0.5125,
1954,0.5875,
1955,0.3893,
1956,0.4643,
1957,0.5393,
1958,0.6143,
1959,0.5018,
1960,0.5768,
1961,0.6518,
1962,0.7268,
1963,0.4214,
1964,0.4964,
1965,0.5714,
1966,0.6464,
1967,0.4268,
1968,0.5018,
1969,0.5768,
1970,0.6518,
1971,0.6089,
1972,0.6839,
1973,0.7589,
1974,0.8339,
1975,0.5072,
1976,0.5822,
1977,0.6572,
1978,0.7322,
1979,0.5072,
1980,0.5822,
1981,0.6572,
1982,0.7322,
1983,0.5072,
1984,0.5822,
1985,0.6572,
1986,0.7322,
1987,0.5072,
1988,0.5822,
1989,0.6572,
1990,0.7322,
1991,0.5072,
1992,0.5822,
1993,0.6572,
1994,0.5072,
1995,0.5822,
1996,0.6572,
1997,0.7322,
1998,0.6786,
1999,0.7536,
2000,0.8286,
2001,0.9036,
2002,0.5072,
2003,0.5822,
2004,0.6572,
2005,0.7322,
2006,0.5072,
2007,0.5822,
2008,0.6572,
2009,0.7322,
2010,0.5072,
2011,0.5822,
2012,0.6572,
2013,0.7322,
2014,0.5393,
2015,0.6143,
2016,0.6893,
2017,0.7643,
2018,0.5072,
2019,0.5822,
2020,0.6572,
2021,0.7322,
2022,0.6464,
2023,0.7214,
2024,0.7964,
2025,0.4322,
2026,0.5072,
2027,0.5286,
2028,0.6036,
2029,0.5607,
2030,0.6357,
2031,0.7107,
2032,0.4,
2033,0.475,
2034,0.55,
2035,0.4268,
2036,0.5018,
2037,0.5768,
2038,0.4,
2039,0.475,
2040,0.55,
2041,0.5339,
2042,0.6089,
2043,0.6839,
2044,0.475,
2045,0.55,
2046,0.625,
2047,0.7,
2048,0.4697,
2049,0.5447,
2050,0.6196,
2051,0.5661,
2052,0.6411,
2053,0.7161,
2054,0.7911,
2055,0.4643,
2056,0.5393,
2057,0.6143,
2058,0.6893,
2059,0.5661,
2060,0.6411,
2061,0.7161,
2062,0.7911,
2063,0.3625,
2064,0.4375,
2065,0.5125,
2066,0.5875,
2067,0.475,
2068,0.55,
2069,0.5072,
2070,0.5822,
2071,0.6572,
2072,0.7322,
2073,0.4375,
2074,0.5125,
2075,0.5875,
2076,0.3947,
2077,0.4696,
2078,0.5447,
2079,0.325,
2080,0.4,
2081,0.475,
2082,0.55,
2083,0.3625,
2084,0.4375,
2085,0.5125,
2086,0.5875,
2087,0.3947,
2088,0.4696,
2089,0.5447,
2090,0.4,
2091,0.475,
2092,0.55,
2093,0.625,
2094,0.5286,
2095,0.6036,
2096,0.6786,
2097,0.7536,
2098,0.5982,
2099,0.6732,
2100,0.7482,
2101,0.4,
2102,0.475,
2103,0.55,
2104,0.3625,
2105,0.4375,
2106,0.5125,
2107,0.3625,
2108,0.4375,
2109,0.5125,
2110,0.4964,
2111,0.5714,
2112,0.6464,
2113,0.3947,
2114,0.4696,
2115,0.5447,
2116,0.6196,
2117,0.3947,
2118,0.4696,
2119,0.5447,
2120,0.6196,
2121,0.4322,
2122,0.5072,
2123,0.5822,
2124,0.4697,
2125,0.5447,
2126,0.6196,
2127,0.3893,
2128,0.4643,
2129,0.5393,
2130,0.6143,
2131,0.3625,
2132,0.4375,
2133,0.5125,
2134,0.5875,
2135,0.4,
2136,0.475,
2137,0.55,
2138,0.625,
2139,0.4,
2140,0.475,
2141,0.55,
2142,0.625,
2143,0.4375,
2144,0.5125,
2145,0.5875,
2146,0.6625,
2147,0.4,
2148,0.475,
2149,0.55,
2150,0.625,
2151,0.4375,
2152,0.5125,
2153,0.5875,
2154,0.6625,
2155,0.5286,
2156,0.6036,
2157,0.6786,
2158,0.7536,
2159,0.3625,
2160,0.4375,
2161,0.5125,
2162,0.5875,
2163,0.4536,
2164,0.5286,
2165,0.6036,
2166,0.6786,
2167,0.5714,
2168,0.6464,
2169,0.7214,
2170,0.7964,
2171,0.325,
2172,0.4,
2173,0.475,
2174,0.55,
2175,0.3572,
2176,0.4322,
2177,0.5072,
2178,0.5822,
2179,0.3625,
2180,0.4375,
2181,0.5125,
2182,0.5875,
2183,0.4697,
2184,0.5447,
2185,0.6196,
2186,0.6946,
2187,0.3625,
2188,0.4375,
2189,0.5125,
2190,0.5875,
2191,0.475,
2192,0.55,
2193,0.625,
2194,0.7,
2195,0.5661,
2196,0.6411,
2197,0.7161,
2198,0.7911,
2199,0.4643,
2200,0.5393,
2201,0.6143,
2202,0.6893,
2203,0.4,
2204,0.475,
2205,0.55,
2206,0.625,
2207,0.4214,
2208,0.4964,
2209,0.5714,
2210,0.6464,
2211,0.3947,
2212,0.4696,
2213,0.5447,
2214,0.6196,
2215,0.4268,
2216,0.5018,
2217,0.5768,
2218,0.6518,
2219,0.3625,
2220,0.4375,
2221,0.5125,
2222,0.5875,
2223,0.325,
2224,0.4,
2225,0.475,
2226,0.55,
2227,0.3625,
2228,0.4375,
2229,0.5125,
2230,0.5875,
2231,0.3625,
2232,0.4375,
2233,0.5125,
2234,0.5875,
2235,0.3625,
2236,0.4375,
2237,0.5125,
2238,0.5875,
2239,0.3947,
2240,0.4696,
2241,0.5447,
2242,0.6196,
2243,0.3947,
2244,0.4696,
2245,0.5447,
2246,0.6196,
2247,0.3947,
2248,0.4696,
2249,0.5447,
2250,0.6196,
2251,0.4322,
2252,0.5072,
2253,0.5822,
2254,0.6572,
2255,0.5286,
2256,0.6036,
2257,0.6786,
2258,0.7536,
2259,0.5714,
2260,0.6464,
2261,0.7214,
2262,0.7964,
2263,0.4911,
2264,0.5661,
2265,0.6411,
2266,0.7161,
2267,0.5607,
2268,0.6357,
2269,0.7107,
2270,0.7857,
2271,0.4268,
2272,0.5018,
2273,0.5768,
2274,0.6518,
2275,0.4268,
2276,0.5018,
2277,0.5768,
2278,0.6518,
2279,0.4375,
2280,0.5125,
2281,0.5875,
2282,0.6625,
2283,0.4,
2284,0.475,
2285,0.55,
2286,0.625,
2287,0.5018,
2288,0.5768,
2289,0.6518,
2290,0.7268,
2291,0.4,
2292,0.475,
2293,0.55,
2294,0.625,
2295,0.3893,
2296,0.4643,
2297,0.5393,
2298,0.6143,
2299,0.4643,
2300,0.5393,
2301,0.6143,
2302,0.6893,
2303,0.4911,
2304,0.5661,
2305,0.6411,
2306,0.7161,
2307,0.5661,
2308,0.6411,
2309,0.7161,
2310,0.7911,
2311,0.5339,
2312,0.6089,
2313,0.6839,
2314,0.7589,
2315,0.3625,
2316,0.4375,
2317,0.5125,
2318,0.5875,
2319,0.3625,
2320,0.4375,
2321,0.5125,
2322,0.5875,
2323,0.4,
2324,0.475,
2325,0.55,
2326,0.625,
2327,0.4911,
2328,0.5661,
2329,0.6411,
2330,0.7161,
2331,0.4697,
2332,0.5447,
2333,0.6196,
2334,0.6946,
2335,0.5072,
2336,0.5822,
2337,0.6572,
2338,0.7322,
2339,0.6357,
2340,0.7107,
2341,0.7857,
2342,0.8607,
2343,0.4,
2344,0.475,
2345,0.55,
2346,0.625,
2347,0.3947,
2348,0.4696,
2349,0.5447,
2350,0.6196,
2351,0.325,
2352,0.4,
2353,0.475,
2354,0.55,
2355,0.3625,
2356,0.4375,
2357,0.5125,
2358,0.5875,
2359,0.4375,
2360,0.5125,
2361,0.5875,
2362,0.6625,
2363,0.3947,
2364,0.4696,
2365,0.5447,
2366,0.6196,
2367,0.4589,
2368,0.5339,
2369,0.6089,
2370,0.6839,
2371,0.4,
2372,0.475,
2373,0.55,
2374,0.625,
2375,0.5286,
2376,0.6036,
2377,0.6786,
2378,0.7536,
2379,0.5982,
2380,0.6732,
2381,0.7482,
2382,0.8232,
2383,0.4,
2384,0.475,
2385,0.55,
2386,0.625,
2387,0.4911,
2388,0.5661,
2389,0.6411,
2390,0.7161,
2391,0.3625,
2392,0.4375,
2393,0.5125,
2394,0.5875,
2395,0.3625,
2396,0.4375,
2397,0.5125,
2398,0.5875,
2399,0.4964,
2400,0.5714,
2401,0.6464,
2402,0.5072,
2403,0.5822,
2404,0.6572,
2405,0.7322,
2406,0.3947,
2407,0.4696,
2408,0.5447,
2409,0.6196,
2410,0.3947,
2411,0.4696,
2412,0.5447,
2413,0.6196,
2414,0.3947,
2415,0.4696,
2416,0.5447,
2417,0.6196,
2418,0.3947,
2419,0.4696,
2420,0.5447,
2421,0.6196,
2422,0.4322,
2423,0.5072,
2424,0.5822,
2425,0.6572,
2426,0.4375,
2427,0.5125,
2428,0.5875,
2429,0.6625,
2430,0.5286,
2431,0.6036,
2432,0.6786,
2433,0.3625,
2434,0.4375,
2435,0.5125,
2436,0.5875,
2437,0.4536,
2438,0.5286,
2439,0.6036,
2440,0.325,
2441,0.4,
2442,0.475,
2443,0.55,
2444,0.3625,
2445,0.4375,
2446,0.5125,
2447,0.3625,
2448,0.4375,
2449,0.5125,
2450,0.3625,
2451,0.4375,
2452,0.5125,
2453,0.5875,
2454,0.475,
2455,0.55,
2456,0.625,
2457,0.4322,
2458,0.5072,
2459,0.5822,
2460,0.6572,
2461,0.3625,
2462,0.4375,
2463,0.5125,
2464,0.5875,
2465,0.4268,
2466,0.5018,
2467,0.5768,
2468,0.6518,
2469,0.4322,
2470,0.5072,
2471,0.5822,
2472,0.6572,
2473,0.5286,
2474,0.6036,
2475,0.6786,
2476,0.7536,
2477,0.5714,
2478,0.6464,
2479,0.7214,
2480,0.7964,
2481,0.4911,
2482,0.5661,
2483,0.6411,
2484,0.5607,
2485,0.6357,
2486,0.7107,
2487,0.7857,
2488,0.3625,
2489,0.4375,
2490,0.5125,
2491,0.5875,
2492,0.4268,
2493,0.5018,
2494,0.5768,
2495,0.6518,
2496,0.4375,
2497,0.5125,
2498,0.5875,
2499,0.6625,
2500,0.4,
2501,0.475,
2502,0.55,
2503,0.625,
2504,0.5018,
2505,0.5768,
2506,0.6518,
2507,0.7268,
2508,0.4,
2509,0.475,
2510,0.55,
2511,0.625,
2512,0.4643,
2513,0.5393,
2514,0.6143,
2515,0.6893,
2516,0.5339,
2517,0.6089,
2518,0.6839,
2519,0.7589,
2520,0.3893,
2521,0.4643,
2522,0.5393,
2523,0.6143,
2524,0.4911,
2525,0.5661,
2526,0.6411,
2527,0.7161,
2528,0.5072,
2529,0.5822,
2530,0.6572,
2531,0.7322,
2532,0.4697,
2533,0.5447,
2534,0.6196,
2535,0.6946,
2536,0.4911,
2537,0.5661,
2538,0.6411,
2539,0.7161,
2540,0.4697,
2541,0.5447,
2542,0.6196,
2543,0.6946,
2544,0.3947,
2545,0.4696,
2546,0.5447,
2547,0.6196,
2548,0.6357,
2549,0.7107,
2550,0.7857,
2551,0.8607,
2552,0.4,
2553,0.475,
2554,0.55,
2555,0.625,
2556,0.3947,
2557,0.4696,
2558,0.5447,
2559,0.6196,
2560,0.4375,
2561,0.5125,
2562,0.5875,
2563,0.3947,
2564,0.4696,
2565,0.5447,
2566,0.6196,
2567,0.4589,
2568,0.5339,
2569,0.6089,
2570,0.6839,
2571,0.4,
2572,0.475,
2573,0.55,
2574,0.625,
2575,0.5286,
2576,0.6036,
2577,0.6786,
2578,0.7536,
2579,0.5982,
2580,0.6732,
2581,0.7482,
2582,0.8232,
2583,0.4,
2584,0.475,
2585,0.55,
2586,0.625,
2587,0.4911,
2588,0.5661,
2589,0.6411,
2590,0.7161,
2591,0.5714,
2592,0.6464,
2593,0.7214,
2594,0.7964,
2595,0.3625,
2596,0.4375,
2597,0.5125,
2598,0.3625,
2599,0.4375,
2600,0.5125,
2601,0.5875,
2602,0.3625,
2603,0.4375,
2604,0.5125,
2605,0.5875,
2606,0.5072,
2607,0.5822,
2608,0.6572,
2609,0.7322,
2610,0.3947,
2611,0.4696,
2612,0.5447,
2613,0.6196,
2614,0.3947,
2615,0.4696,
2616,0.5447,
2617,0.6196,
2618,0.3947,
2619,0.4696,
2620,0.5447,
2621,0.6196,
2622,0.3947,
2623,0.4696,
2624,0.5447,
2625,0.6196,
2626,0.4268,
2627,0.5018,
2628,0.4589,
2629,0.5339,
2630,0.4589,
2631,0.5339,
2632,0.5875,
2633,0.6625,
2634,0.7375,
2635,0.5178,
2636,0.5928,
2637,0.6679,
2638,0.4,
2639,0.475,
2640,0.55,
2641,0.4375,
2642,0.5125,
2643,0.5875,
2644,0.6625,
2645,0.4375,
2646,0.5125,
2647,0.5875,
2648,0.6625,
2649,0.4643,
2650,0.5393,
2651,0.6143,
2652,0.475,
2653,0.55,
2654,0.625,
2655,0.7,
2656,0.475,
2657,0.55,
2658,0.625,
2659,0.7,
2660,0.475,
2661,0.55,
2662,0.475,
2663,0.55,
2664,0.5018,
2665,0.5768,
2666,0.4,
2667,0.475,
2668,0.55,
2669,0.4,
2670,0.475,
2671,0.55,
2672,0.475,
2673,0.55,
2674,0.625,
